-- MySQL dump 10.13  Distrib 8.0.22, for Linux (x86_64)
--
-- Host: localhost    Database: ton_service
-- ------------------------------------------------------
-- Server version	8.0.22-cluster

/*!40101 SET @OLD_CHARACTER_SET_CLIENT=@@CHARACTER_SET_CLIENT */;
/*!40101 SET @OLD_CHARACTER_SET_RESULTS=@@CHARACTER_SET_RESULTS */;
/*!40101 SET @OLD_COLLATION_CONNECTION=@@COLLATION_CONNECTION */;
/*!50503 SET NAMES utf8mb4 */;
/*!40103 SET @OLD_TIME_ZONE=@@TIME_ZONE */;
/*!40103 SET TIME_ZONE='+00:00' */;
/*!40014 SET @OLD_UNIQUE_CHECKS=@@UNIQUE_CHECKS, UNIQUE_CHECKS=0 */;
/*!40014 SET @OLD_FOREIGN_KEY_CHECKS=@@FOREIGN_KEY_CHECKS, FOREIGN_KEY_CHECKS=0 */;
/*!40101 SET @OLD_SQL_MODE=@@SQL_MODE, SQL_MODE='NO_AUTO_VALUE_ON_ZERO' */;
/*!40111 SET @OLD_SQL_NOTES=@@SQL_NOTES, SQL_NOTES=0 */;

--
-- Table structure for table `demesne`
--

DROP TABLE IF EXISTS `demesne`;
/*!40101 SET @saved_cs_client     = @@character_set_client */;
/*!50503 SET character_set_client = utf8mb4 */;
CREATE TABLE `demesne` (
  `demesne_id` int NOT NULL AUTO_INCREMENT,
  `name` varchar(45) NOT NULL,
  PRIMARY KEY (`demesne_id`),
  UNIQUE KEY `demesne_id_UNIQUE` (`demesne_id`)
) ENGINE=InnoDB AUTO_INCREMENT=4 DEFAULT CHARSET=utf8mb4 COLLATE=utf8mb4_0900_ai_ci;
/*!40101 SET character_set_client = @saved_cs_client */;

--
-- Dumping data for table `demesne`
--

LOCK TABLES `demesne` WRITE;
/*!40000 ALTER TABLE `demesne` DISABLE KEYS */;
INSERT INTO `demesne` VALUES (1,'Реклама'),(2,'Антикоррозийная обработка автомобилей'),(3,'Тонировка и защита стекол');
/*!40000 ALTER TABLE `demesne` ENABLE KEYS */;
UNLOCK TABLES;

--
-- Table structure for table `prices`
--

DROP TABLE IF EXISTS `prices`;
/*!40101 SET @saved_cs_client     = @@character_set_client */;
/*!50503 SET character_set_client = utf8mb4 */;
CREATE TABLE `prices` (
  `PRICE_ID` int NOT NULL,
  `PRODUCT_TYPE_ID` int NOT NULL,
  `VALUE` decimal(10,0) NOT NULL,
  `UNIT` varchar(20) NOT NULL,
  PRIMARY KEY (`PRICE_ID`),
  UNIQUE KEY `PRICE_ID_UNIQUE` (`PRICE_ID`),
  KEY `PRODUCT_TYPE_ID_idx` (`PRODUCT_TYPE_ID`),
  CONSTRAINT `PRICE_PRODUCT_TYPE_ID` FOREIGN KEY (`PRODUCT_TYPE_ID`) REFERENCES `product_types` (`PRODUCT_TYPE_ID`)
) ENGINE=InnoDB DEFAULT CHARSET=utf8mb4 COLLATE=utf8mb4_0900_ai_ci;
/*!40101 SET character_set_client = @saved_cs_client */;

--
-- Dumping data for table `prices`
--

LOCK TABLES `prices` WRITE;
/*!40000 ALTER TABLE `prices` DISABLE KEYS */;
/*!40000 ALTER TABLE `prices` ENABLE KEYS */;
UNLOCK TABLES;

--
-- Table structure for table `product_type_examples`
--

DROP TABLE IF EXISTS `product_type_examples`;
/*!40101 SET @saved_cs_client     = @@character_set_client */;
/*!50503 SET character_set_client = utf8mb4 */;
CREATE TABLE `product_type_examples` (
  `PRODUCT_TYPE_EXAMPLE_ID` int NOT NULL AUTO_INCREMENT,
  `PRODUCT_TYPE_ID` int DEFAULT NULL,
  `IMG_SOURCE` varchar(200) DEFAULT NULL,
  `COMPANY_NAME` varchar(45) DEFAULT NULL,
  `DISPLAY_ORDER` int DEFAULT NULL,
  PRIMARY KEY (`PRODUCT_TYPE_EXAMPLE_ID`),
  UNIQUE KEY `PRODUCT_TYPE_EXAMPLE_ID_UNIQUE` (`PRODUCT_TYPE_EXAMPLE_ID`),
  KEY `PRODUCT_TYPE_ID_idx` (`PRODUCT_TYPE_ID`),
  CONSTRAINT `PRODUCT_TYPE_ID` FOREIGN KEY (`PRODUCT_TYPE_ID`) REFERENCES `product_types` (`PRODUCT_TYPE_ID`)
) ENGINE=InnoDB AUTO_INCREMENT=1571 DEFAULT CHARSET=utf8mb4 COLLATE=utf8mb4_0900_ai_ci;
/*!40101 SET character_set_client = @saved_cs_client */;

--
-- Dumping data for table `product_type_examples`
--

LOCK TABLES `product_type_examples` WRITE;
/*!40000 ALTER TABLE `product_type_examples` DISABLE KEYS */;
INSERT INTO `product_type_examples` VALUES (502,38,NULL,NULL,3),(505,38,'../Examples/38/Rublovka.gif',NULL,0),(509,38,'../Examples/38/Huliganka.jpg',NULL,2),(511,38,'../Examples/38/UAZ.jpg',NULL,3),(512,38,'../Examples/38/Birga3.jpg',NULL,4),(513,38,'../Examples/38/Birga1.jpg',NULL,5),(514,38,'../Examples/38/Notarialni-arhiv.gif',NULL,6),(537,30,'../Examples/30/ABBA.jpg',NULL,16),(538,30,'../Examples/30/Amfireya.jpg',NULL,19),(539,30,'../Examples/30/Antoshka.jpg',NULL,20),(540,30,'../Examples/30/Antoshka1.jpg',NULL,24),(541,30,'../Examples/30/Apteka.jpg',NULL,56),(542,30,'../Examples/30/Apteka-Lambud.jpg',NULL,9),(543,30,'../Examples/30/Arhideya.jpg',NULL,12),(544,30,'../Examples/30/AutoGroup.jpg',NULL,7),(545,30,'../Examples/30/AvtoAgroZapchast.jpg',NULL,21),(546,30,'../Examples/30/Bar.jpg',NULL,50),(547,30,'../Examples/30/belabedding.jpg',NULL,52),(548,30,'../Examples/30/Belie-Rozi.jpg',NULL,49),(549,30,'../Examples/30/BlinokPanda.jpg',NULL,3),(550,30,'../Examples/30/Bouling.jpg',NULL,18),(551,30,'../Examples/30/Charovnica.jpg',NULL,35),(552,30,'../Examples/30/Dvery Okna.jpg',NULL,32),(553,30,'../Examples/30/Dvery.jpg',NULL,37),(554,30,'../Examples/30/Fayno1.jpg',NULL,1),(555,30,'../Examples/30/FK-Neman.jpg',NULL,10),(556,30,'../Examples/30/FOK-Prinemanskiy.jpg',NULL,28),(557,30,'../Examples/30/Klad.jpg',NULL,16),(558,30,'../Examples/30/Kontinent-den.jpg',NULL,7),(559,30,'../Examples/30/Kontinent-noch.jpg',NULL,0),(560,30,'../Examples/30/Korsak.jpg',NULL,41),(561,30,'../Examples/30/Kulinariya.jpg',NULL,11),(562,30,'../Examples/30/Kulinariya-ZT.jpg',NULL,14),(563,30,'../Examples/30/Maentak.jpg',NULL,3),(564,30,'../Examples/30/Obl-Ohrana.jpg',NULL,29),(565,30,'../Examples/30/Obuv-Neman.jpg',NULL,30),(566,30,'../Examples/30/Odezda-iz-Europy.jpg',NULL,43),(567,30,'../Examples/30/Odezhda-iz-Evropy.jpg',NULL,42),(568,30,'../Examples/30/Ohrana2.jpg',NULL,39),(569,30,'../Examples/30/Ohrana-Svisloch.jpg',NULL,40),(570,30,'../Examples/30/Restoran.jpg',NULL,6),(571,30,'../Examples/30/Sanvino.jpg',NULL,17),(572,30,'../Examples/30/Selsky-RS.jpg',NULL,23),(573,30,'../Examples/30/Servisny-centr.jpg',NULL,44),(574,30,'../Examples/30/SportFamily.jpg',NULL,26),(575,30,'../Examples/30/Strahovanie.jpg',NULL,33),(576,30,'../Examples/30/Studia-otdyha.jpg',NULL,15),(577,30,'../Examples/30/Tailer.jpg',NULL,2),(578,30,'../Examples/30/Task.jpg',NULL,34),(579,30,'../Examples/30/Tvoya-Parikmaherskaya.jpg',NULL,9),(580,30,'../Examples/30/Zolotoi-dozhd.jpg',NULL,36),(581,30,'../Examples/30/Zolotoy-Telionok.jpg',NULL,25),(582,30,'../Examples/30/ZolotoyTelionok1.jpg',NULL,54),(583,30,'../Examples/30/Zoo.jpg',NULL,11),(584,49,'../Examples/49/test-truck.jpg',NULL,3),(585,44,'../Examples/44/Studia-otdiha.jpg',NULL,6),(587,58,'../Examples/58/FKH.jpg',NULL,2),(588,62,'../Examples/62/Shaurma.jpg',NULL,0),(589,54,'../Examples/54/AgroAvtoZapchast.jpg',NULL,0),(591,55,'../Examples/55/Butik-krasoti.jpg',NULL,0),(592,30,'../Examples/30/Anzelika.jpg',NULL,28),(593,31,'../Examples/31/Asoba.jpg',NULL,2),(598,31,'../Examples/31/Magazin-Produkty.jpg',NULL,0),(599,31,'../Examples/31/Odezhda-iz-Evrop.jpg',NULL,3),(600,31,'../Examples/31/Cvety.jpg',NULL,4),(601,31,'../Examples/31/Promtransinvest-1.jpg',NULL,7),(602,31,'../Examples/31/Kolorant.jpg',NULL,8),(603,31,'../Examples/31/Givenchy.jpg',NULL,6),(604,31,'../Examples/31/TAXI-3033.jpg',NULL,9),(605,31,'../Examples/31/After.jpg',NULL,10),(606,31,'../Examples/31/Stihl-Husqvarna.jpg',NULL,11),(607,31,'../Examples/31/Tovary-iz-Indii.jpg',NULL,12),(608,32,'../Examples/32/Strahovaniye.jpg',NULL,0),(609,32,'../Examples/32/Kafeynia.jpg',NULL,1),(610,32,'../Examples/32/Task.jpg',NULL,8),(611,32,'../Examples/32/Kafeynia2.jpg',NULL,2),(612,32,'../Examples/32/Grodnohlebprom.jpg',NULL,6),(613,32,'../Examples/32/KofeTochka.jpg',NULL,3),(614,32,'../Examples/32/Shinomontazh.jpg',NULL,5),(615,32,'../Examples/32/Zoo-Sobaki-Koshki.jpg',NULL,9),(616,32,'../Examples/32/Odezhda-iz-Evropy-1.jpg',NULL,10),(617,32,'../Examples/32/Task1.jpg',NULL,7),(618,33,'../Examples/33/hostel.jpg',NULL,0),(620,33,'../Examples/33/Kluchy.jpg',NULL,1),(621,33,'../Examples/33/Kovri.jpg',NULL,2),(622,33,'../Examples/33/Maentak.jpg',NULL,4),(623,33,'../Examples/33/Mebel-korpusnaya.jpg',NULL,7),(624,33,'../Examples/33/Avido.jpg',NULL,11),(625,33,'../Examples/33/Buketeriya.jpg',NULL,3),(626,33,'../Examples/33/Cveti.jpg',NULL,10),(627,33,'../Examples/33/Derevyanie-doma.jpg',NULL,8),(628,33,'../Examples/33/Dom-Kuhni.jpg',NULL,5),(629,33,'../Examples/33/Vet-apteka.jpg',NULL,12),(630,34,'../Examples/34/Agrozapchast.jpg',NULL,0),(631,34,'../Examples/34/Alumart.jpg',NULL,1),(632,34,'../Examples/34/Antoshka.jpg',NULL,11),(633,34,'../Examples/34/ArsLiliya.jpg',NULL,10),(634,34,'../Examples/34/bielita-3.jpg',NULL,4),(635,34,'../Examples/34/bielita-4.jpg',NULL,16),(636,34,'../Examples/34/Bouling.jpg',NULL,7),(637,34,'../Examples/34/Detskie-igrushkii1.jpg',NULL,3),(638,34,'../Examples/34/Grodnohlebprom-Kafe.jpg',NULL,2),(639,34,'../Examples/34/Kulinariya.jpg',NULL,5),(640,34,'../Examples/34/Obuvnaya-fabrika.jpg',NULL,6),(641,34,'../Examples/34/Rublovsky.jpg',NULL,10),(642,34,'../Examples/34/Sandos.jpg',NULL,12),(643,34,'../Examples/34/Odejda-iz-evropy.jpg',NULL,13),(644,35,'../Examples/35/Koffee-Way.jpg',NULL,1),(645,35,'../Examples/35/3033-Devushka.jpg',NULL,9),(646,35,'../Examples/35/Alivariya.jpg',NULL,4),(647,35,'../Examples/35/Apteka.jpg',NULL,6),(648,35,'../Examples/35/Apteka-muzey.jpg',NULL,6),(650,35,'../Examples/35/avto-odin.jpg',NULL,7),(651,35,'../Examples/35/Bel-Druk.jpg',NULL,14),(652,35,'../Examples/35/Franchy.jpg',NULL,17),(653,35,'../Examples/35/Gudevichi.jpg',NULL,9),(654,35,'../Examples/35/Knopka-vyzova.jpg',NULL,4),(655,35,'../Examples/35/Koffee-Way1.jpg',NULL,9),(656,35,'../Examples/35/Loshadka.jpg',NULL,21),(657,35,'../Examples/35/Molochka.jpg',NULL,12),(658,35,'../Examples/35/Ohrana-stella.jpg',NULL,4),(659,35,'../Examples/35/Oknagrad.jpg',NULL,10),(660,35,'../Examples/35/ovoschnaya-fabrika.jpg',NULL,13),(661,35,'../Examples/35/Promtransinvest.jpg',NULL,15),(662,35,'../Examples/35/Shtender-Kofe-Wey.jpg',NULL,18),(663,35,'../Examples/35/Specmontazstroi.jpg',NULL,19),(664,35,'../Examples/35/Studia-mebeli.jpg',NULL,20),(665,35,'../Examples/35/UAZ.jpg',NULL,0),(666,35,'../Examples/35/UAZ1.jpg',NULL,16),(668,36,'../Examples/36/AgroAvtoZapchast.jpg',NULL,0),(669,36,'../Examples/36/belabedding.jpg',NULL,3),(671,36,'../Examples/36/Belie-rozi.jpg',NULL,1),(672,36,'../Examples/36/Bielita.jpg',NULL,2),(673,36,'../Examples/36/Maentak.jpg',NULL,4),(674,36,'../Examples/36/Stroymateriali.jpg',NULL,5),(675,37,'../Examples/37/Anshlag-Rudyanskaya.jpg',NULL,4),(676,37,'../Examples/37/Botanicheskaya.jpg',NULL,6),(677,37,'../Examples/37/Chehova.jpg',NULL,3),(678,37,'../Examples/37/Davida-Garadzenskaga.jpg',NULL,7),(679,37,'../Examples/37/Klenovaya.jpg',NULL,1),(680,37,'../Examples/37/Kondrusevicha.jpg',NULL,8),(681,37,'../Examples/37/Korotkaya.jpg',NULL,18),(682,37,'../Examples/37/Kupalskaya.jpg',NULL,20),(683,37,'../Examples/37/Lagodnaya.jpg',NULL,17),(684,37,'../Examples/37/Limozha.jpg',NULL,18),(685,37,'../Examples/37/Manufakturni.jpg',NULL,5),(686,37,'../Examples/37/Mickevicha.jpg',NULL,19),(687,37,'../Examples/37/Mirnaya.jpg',NULL,25),(688,37,'../Examples/37/Oktyabrskaya.jpg',NULL,0),(689,37,'../Examples/37/Oziorskaya.jpg',NULL,28),(691,37,'../Examples/37/Puchkova.jpg',NULL,29),(692,37,'../Examples/37/Shosseynaya.jpg',NULL,30),(694,37,'../Examples/37/Telegrafnaya.jpg',NULL,2),(695,38,'../Examples/38/Luks-beauty2.jpg',NULL,7),(696,38,'../Examples/38/Alisee.jpg',NULL,8),(697,38,'../Examples/38/Alkid.jpg',NULL,9),(698,38,'../Examples/38/Allo.jpg',NULL,10),(699,38,'../Examples/38/Apteka.jpg',NULL,11),(700,38,'../Examples/38/Ars-liliya2.jpg',NULL,12),(701,38,'../Examples/38/Backstage.jpg',NULL,13),(702,38,'../Examples/38/Beauty1.jpg',NULL,14),(703,38,'../Examples/38/bielita.jpg',NULL,15),(704,38,'../Examples/38/bielita1.jpg',NULL,16),(705,38,'../Examples/38/bielita-2.jpg',NULL,17),(706,38,'../Examples/38/Bielita-Bitex1.jpg',NULL,18),(707,38,'../Examples/38/Coffee-Way.jpg',NULL,20),(708,38,'../Examples/38/Coffee-Way1.jpg',NULL,21),(709,38,'../Examples/38/Coffee-Way5.jpg',NULL,24),(710,38,'../Examples/38/Fayno.jpg',NULL,25),(711,38,'../Examples/38/fk-neman.jpg',NULL,26),(712,38,'../Examples/38/FoxClub.jpg',NULL,27),(713,38,'../Examples/38/Kuppersberg.jpg',NULL,29),(714,38,'../Examples/38/Lauma.jpg',NULL,30),(715,38,'../Examples/38/Legopolis1.jpg',NULL,31),(716,38,'../Examples/38/Make-Travel.jpg',NULL,32),(717,38,'../Examples/38/Milavica.jpg',NULL,33),(718,38,'../Examples/38/Milavica-Mantra.jpg',NULL,34),(719,38,'../Examples/38/MTS.jpg',NULL,35),(720,38,NULL,NULL,36),(721,38,'../Examples/38/Ohrana.jpg',NULL,36),(722,38,'../Examples/38/Oper-sluzhba.jpg',NULL,37),(723,38,'../Examples/38/Lux-Byuti.jpg',NULL,19),(724,38,'../Examples/38/Oranget.jpg',NULL,38),(726,38,'../Examples/38/Sazon.jpg',NULL,39),(727,38,'../Examples/38/SportFamili1.jpg',NULL,40),(728,38,'../Examples/38/SportFamily.jpg',NULL,41),(729,38,'../Examples/38/SportFamily1.jpg',NULL,42),(730,38,'../Examples/38/studia-otdyha.jpg',NULL,43),(731,38,'../Examples/38/studia-otdyha1.jpg',NULL,44),(732,38,'../Examples/38/Task.jpg',NULL,45),(733,38,'../Examples/38/Task2.jpg',NULL,46),(734,38,'../Examples/38/Tayler.jpg',NULL,49),(735,38,'../Examples/38/Tayler2.jpg',NULL,50),(736,38,'../Examples/38/TechnoGym.jpg',NULL,51),(737,38,'../Examples/38/Time-of-Beauty.jpg',NULL,52),(739,38,'../Examples/38/UAZ1.jpg',NULL,53),(740,38,'../Examples/38/UAZ5.jpg',NULL,54),(741,38,'../Examples/38/VauTur2.jpg',NULL,55),(742,38,'../Examples/38/VeroGusto.jpg',NULL,56),(743,38,'../Examples/38/Sunduk.jpg',NULL,57),(744,39,'../Examples/39/Amfireya.jpg',NULL,1),(746,39,'../Examples/39/Darstvenaya-tablichka.jpg',NULL,3),(747,39,'../Examples/39/Detskaya-bolnica.jpg',NULL,4),(748,39,'../Examples/39/Holder.jpg',NULL,7),(749,39,'../Examples/39/Holder-Vizitnica.jpg',NULL,0),(750,39,'../Examples/39/Jack-Daniels.jpg',NULL,5),(751,39,'../Examples/39/Lazernaya-fizika.gif',NULL,8),(752,39,'../Examples/39/Lazer-tonirovka.jpg',NULL,6),(754,39,'../Examples/39/Morozhenoe.jpg',NULL,9),(755,39,'../Examples/39/Notarialnaya-kontora.jpg',NULL,10),(756,39,'../Examples/39/Notarialnaya-palata.jpg',NULL,11),(758,39,'../Examples/39/Reklama-Ton-servis.jpg',NULL,12),(761,39,'../Examples/39/Shell.jpg',NULL,13),(762,39,'../Examples/39/Shilda GK Kashtownast.jpg',NULL,14),(769,39,'../Examples/39/Soty.jpg',NULL,15),(770,39,'../Examples/39/Tablichka1.jpg',NULL,16),(771,39,'../Examples/39/Tablichka2.jpg',NULL,17),(772,39,'../Examples/39/Tablichka-Dekan.jpg',NULL,22),(773,39,'../Examples/39/Tablichka-Lazernaya-fizika.jpg',NULL,23),(774,39,'../Examples/39/Trafaret.jpg',NULL,24),(775,39,'../Examples/39/Vizitnica.jpg',NULL,25),(776,41,'../Examples/41/CSMS.jpg',NULL,1),(777,41,'../Examples/41/Tayler2.jpg',NULL,8),(779,41,'../Examples/41/Piedestal.jpg',NULL,7),(780,41,'../Examples/41/Zolotoy-dozhd.jpg',NULL,16),(781,41,'../Examples/41/Universitet-Y-K.jpg',NULL,5),(782,41,'../Examples/41/Black-burgerr.jpg',NULL,6),(783,41,'../Examples/41/Solyanaya-peschera2.jpg',NULL,2),(784,41,'../Examples/41/Berloga.jpg',NULL,15),(785,41,'../Examples/41/NT-Biblioteka.jpg',NULL,19),(786,41,'../Examples/41/VTB-Bank.jpg',NULL,5),(787,41,'../Examples/41/Sistema-karmanov.jpg',NULL,9),(788,41,'../Examples/41/Sistema-karmanov2.jpg',NULL,17),(789,41,'../Examples/41/Simvolika-Universitet-YK.jpg',NULL,12),(790,41,'../Examples/41/Tipografiya.jpg',NULL,3),(791,41,'../Examples/41/Shtornaya-sistema.jpg',NULL,11),(792,41,'../Examples/41/Shtornaya-sistema1.jpg',NULL,13),(793,41,'../Examples/41/VCH5522.2.jpg',NULL,14),(794,41,'../Examples/41/VCH5522.1.jpg',NULL,31),(795,41,'../Examples/41/Black-burger.jpg',NULL,18),(796,41,'../Examples/41/CSMS2.jpg',NULL,10),(797,41,'../Examples/41/CSMS1.jpg',NULL,32),(798,41,'../Examples/41/Urna-dlya-golosovaniya.jpg',NULL,26),(799,41,'../Examples/41/len-ohrana.jpg',NULL,28),(800,41,'../Examples/41/ohrana-shtornaya-sistema.jpg',NULL,20),(801,41,'../Examples/41/BDD-komplekt3.jpg',NULL,27),(802,41,'../Examples/41/Poliklinika.jpg',NULL,29),(803,41,'../Examples/41/Stend-na-nozhkah.jpg',NULL,30),(804,42,'../Examples/42/Avtograf-na-karte-stend.jpg',NULL,2),(805,42,'../Examples/42/Babochka.jpg',NULL,21),(806,42,'../Examples/42/Belarus.jpg',NULL,4),(807,42,'../Examples/42/Dobro-pozalovat.jpg',NULL,5),(808,42,'../Examples/42/Formuli.jpg',NULL,8),(809,42,'../Examples/42/Himiya.jpg',NULL,34),(810,42,'../Examples/42/Holder-uchim-vmeste.jpg',NULL,1),(811,42,'../Examples/42/Informaciya.jpg',NULL,9),(812,42,'../Examples/42/Informaciya1.jpg',NULL,13),(813,42,'../Examples/42/Klasni-ugolok.jpg',NULL,3),(814,42,'../Examples/42/Klasni-ugolok1.jpg',NULL,10),(815,42,'../Examples/42/Klasni-ugolok2.jpg',NULL,22),(816,42,'../Examples/42/Klasni-ugolok3.jpg',NULL,12),(817,42,'../Examples/42/Klasni-ugolok4.jpg',NULL,15),(818,42,'../Examples/42/Klasni-ugolok5.jpg',NULL,14),(819,42,'../Examples/42/Lenta-bukv-cifr.jpg',NULL,23),(820,42,'../Examples/42/Magnitni-stend.jpg',NULL,24),(821,42,'../Examples/42/Mendeleeva.jpg',NULL,6),(822,42,'../Examples/42/Mir-rebenka.jpg',NULL,11),(823,42,'../Examples/42/Nashe-tvorchestvo.jpg',NULL,25),(824,42,'../Examples/42/Nash-klas.jpg',NULL,26),(825,42,'../Examples/42/Nash-klas1.jpg',NULL,27),(826,42,'../Examples/42/Ohrana-truda.jpg',NULL,7),(827,42,'../Examples/42/Ostorozno.jpg',NULL,28),(828,42,'../Examples/42/Parovozik.jpg',NULL,20),(829,42,'../Examples/42/Pristavki.jpg',NULL,29),(830,42,'../Examples/42/Pristavki1.jpg',NULL,30),(831,42,'../Examples/42/Razvitie-mishlenia.jpg',NULL,31),(832,42,'../Examples/42/Ruski-yazik.jpg',NULL,32),(833,42,'../Examples/42/Sady-shilda.jpg',NULL,35),(834,42,'../Examples/42/Simvolika.jpg',NULL,39),(836,42,'../Examples/42/Stend-romashka.jpg',NULL,38),(837,42,'../Examples/42/Tematycheskie-kartochki1.jpg',NULL,40),(838,42,'../Examples/42/Tumba.jpg',NULL,42),(839,42,'../Examples/42/Simvolika-Universitet-YK.jpg',NULL,41),(840,42,'../Examples/42/Piedestal.jpg',NULL,43),(841,42,'../Examples/42/Tribuna1.jpg',NULL,45),(842,42,'../Examples/42/BIP.jpg',NULL,44),(843,42,NULL,NULL,46),(845,42,'../Examples/42/Simvolika2.jpg',NULL,47),(846,43,'../Examples/43/Muzey-BS.jpg',NULL,0),(847,43,'../Examples/43/Muzey-BS-1.jpg',NULL,1),(848,43,'../Examples/43/Muzey-BS-2.jpg',NULL,2),(849,43,'../Examples/43/Muzey-BS-3.jpg',NULL,4),(850,43,'../Examples/43/Muzey-BS-4.jpg',NULL,5),(851,43,'../Examples/43/Muzey-BS-5.jpg',NULL,6),(852,43,'../Examples/43/Sted-pod-kubki.jpg',NULL,7),(853,41,'../Examples/41/Sted-pod-kubki.jpg',NULL,21),(854,49,'../Examples/49/Cveti.jpg',NULL,4),(855,49,'../Examples/49/Hleb.jpg',NULL,15),(856,49,'../Examples/49/Oknagrad.jpg',NULL,6),(857,49,'../Examples/49/Natyaznie-potolki.jpg',NULL,8),(858,49,'../Examples/49/Volki.jpg',NULL,8),(859,49,'../Examples/49/Udalenie-vmyatin.jpg',NULL,9),(860,49,'../Examples/49/Vasha-krisha.jpg',NULL,10),(861,49,'../Examples/49/Vsio-dla-ofisa1.jpg',NULL,11),(862,49,'../Examples/49/VR-Club.jpg',NULL,12),(863,49,'../Examples/49/Usadba.jpg',NULL,13),(864,49,'../Examples/49/Trotuarnaya-plitka.jpg',NULL,16),(865,49,'../Examples/49/Trans-Grodno.jpg',NULL,14),(866,49,'../Examples/49/Samolyot.jpg',NULL,5),(867,49,'../Examples/49/Raspil-DSP.jpg',NULL,17),(868,49,'../Examples/49/Prochistka-trub.jpg',NULL,23),(869,49,'../Examples/49/Podguzon.jpg',NULL,26),(870,49,'../Examples/49/Orrsa-stroi.jpg',NULL,18),(871,49,'../Examples/49/Mustang.jpg',NULL,27),(872,49,'../Examples/49/Metan.jpg',NULL,28),(873,49,'../Examples/49/Mebelnaya-furnitura.jpg',NULL,29),(874,49,'../Examples/49/Makita1.jpg',NULL,24),(875,49,'../Examples/49/Landshaftny-dizian.jpg',NULL,20),(876,49,'../Examples/49/Kapot.jpg',NULL,30),(877,49,'../Examples/49/Gruzoperevozki.jpg',NULL,31),(878,49,'../Examples/49/Food-Track.jpg',NULL,32),(879,49,'../Examples/49/Evrokling.jpg',NULL,33),(880,49,'../Examples/49/DOSAAF1.jpg',NULL,34),(881,49,'../Examples/49/DOSAAF.jpg',NULL,37),(882,49,'../Examples/49/Bugrialt.jpg',NULL,40),(883,49,'../Examples/49/Orrsa-stroi1.jpg',NULL,52),(884,49,'../Examples/49/Makita.jpg',NULL,35),(885,49,'../Examples/49/Chayka.jpg',NULL,43),(886,49,'../Examples/49/docaaf1.jpg',NULL,44),(887,49,'../Examples/49/volkoviski-hlebozavod.jpg',NULL,46),(888,49,'../Examples/49/Belgaz-test-truck.jpg',NULL,47),(889,49,'../Examples/49/Bio-Test.jpg',NULL,22),(890,49,'../Examples/49/UAZ-Patriot-test.jpg',NULL,45),(891,49,'../Examples/49/Zdorovaya-strana.jpg',NULL,39),(892,49,'../Examples/49/UAZ-Patriot.jpg',NULL,1),(893,49,'../Examples/49/Peretyagka-mebely.jpg',NULL,41),(895,49,'../Examples/49/Kristalltrans.jpg',NULL,42),(896,49,'../Examples/49/avto-zapchasty-kapot.jpg',NULL,38),(897,49,'../Examples/49/avto-zapchasty.jpg',NULL,48),(898,49,'../Examples/49/docaaf.jpg',NULL,50),(900,50,'../Examples/50/Atlas-Legkovoy.jpg',NULL,0),(901,50,'../Examples/50/Atlas-Minsk-Grodno.jpg',NULL,1),(902,50,'../Examples/50/Atlas-Minsk-Grodno-siniy.jpg',NULL,2),(904,50,'../Examples/50/Mozambik.jpg',NULL,3),(906,50,'../Examples/50/Taksi-Komandir.jpg',NULL,4),(907,50,'../Examples/50/Taksi-Maxim.jpg',NULL,5),(909,50,'../Examples/50/Taxi 7220.1.jpg',NULL,6),(910,50,'../Examples/50/Taxi-163.jpg',NULL,7),(911,50,'../Examples/50/Taxi-7220.jpg',NULL,9),(912,50,'../Examples/50/Taxi-Yandex1.jpg',NULL,10),(913,51,'../Examples/51/MCHS АР-1,6-2.jpg',NULL,0),(914,51,'../Examples/51/MCHS.jpg',NULL,1),(915,51,'../Examples/51/Militsiya-Grodno.jpg',NULL,2),(916,51,'../Examples/51/MVD.jpg',NULL,3),(917,52,'../Examples/52/Yamaha.jpg',NULL,0),(918,52,'../Examples/52/Suzuki-kingquat1.jpg',NULL,1),(919,52,'../Examples/52/Suzuki-kingquat.jpg',NULL,2),(920,52,'../Examples/52/Suzuki_GSX-R.jpg',NULL,3),(921,52,'../Examples/52/Kater-MCHS.jpg',NULL,4),(922,52,'../Examples/52/Honda.jpg',NULL,6),(924,52,'../Examples/52/Giroskuter.jpg',NULL,7),(925,52,'../Examples/52/Bombardier.jpg',NULL,8),(926,52,'../Examples/52/2003-Suzuki-GSX-R750b.jpg',NULL,9),(927,44,'../Examples/44/Arenda.jpg',NULL,7),(928,44,'../Examples/44/EvroKlin.jpg',NULL,8),(929,44,'../Examples/44/Fotozona.jpg',NULL,11),(930,44,'../Examples/44/Pasport-obyekta-Shema.jpg',NULL,9),(931,44,'../Examples/44/Promrtansinvest.jpg',NULL,16),(932,44,'../Examples/44/Roling-anarhi.jpg',NULL,10),(933,44,'../Examples/44/Sadlen.jpg',NULL,15),(934,44,'../Examples/44/Shinomontazh.jpg',NULL,17),(935,44,'../Examples/44/Shtukaturnie-raboti.jpg',NULL,18),(936,44,'../Examples/44/Torgservis.jpg',NULL,19),(937,44,'../Examples/44/Zolotaya-mechta.jpg',NULL,20),(938,44,'../Examples/44/Igrushki.jpg',NULL,21),(939,44,'../Examples/44/Make-Travel.jpg',NULL,22),(940,44,'../Examples/44/Solyanaya-peschera.jpg',NULL,24),(941,44,'../Examples/44/Solyanaya-Pyachora1.jpg',NULL,26),(942,44,'../Examples/44/TehnoGym.jpg',NULL,27),(943,44,'../Examples/44/Lakomka.jpg',NULL,0),(944,44,'../Examples/44/Avtoservis.jpg',NULL,28),(945,45,'../Examples/45/Лакомка.jpg',NULL,1),(946,45,'../Examples/45/Igrushky.jpg',NULL,2),(947,45,'../Examples/45/Studia-otdiha.jpg',NULL,0),(948,45,'../Examples/45/Yamaha.jpg',NULL,3),(949,46,'../Examples/46/Belita.jpg',NULL,0),(950,46,'../Examples/46/fk-neman.jpg',NULL,1),(951,46,'../Examples/46/fk-neman1.jpg',NULL,2),(952,46,'../Examples/46/Kuhnya.jpg',NULL,3),(953,46,'../Examples/46/Vkusnyashka.jpg',NULL,4),(954,47,'../Examples/47/UAZ4.jpg',NULL,0),(955,47,'../Examples/47/UAZ3.jpg',NULL,1),(956,47,'../Examples/47/UAZ7.jpg',NULL,2),(957,47,'../Examples/47/UAZ2.jpg',NULL,3),(958,47,'../Examples/47/Solyanaya peschera1.jpg',NULL,4),(959,47,'../Examples/47/Solyanaya peschera.jpg',NULL,5),(960,47,'../Examples/47/Bouling.jpg',NULL,6),(961,55,'../Examples/55/Gramoty-Diplomy.jpg',NULL,1),(962,55,'../Examples/55/tehnologii-sveta.jpg',NULL,4),(963,55,'../Examples/55/UAZ6.jpg',NULL,5),(966,55,'../Examples/55/magazin-kosmetyki.jpg',NULL,6),(967,55,'../Examples/55/Insmile.jpg',NULL,2),(968,46,'../Examples/46/Buklet1.jpg',NULL,5),(969,62,'../Examples/62/avto-zapchasty-kapot.jpg',NULL,1),(970,62,'../Examples/62/Buketeriya1.jpg',NULL,2),(971,62,'../Examples/62/Buklet2.jpg',NULL,3),(972,62,'../Examples/62/Buklet5.jpg',NULL,4),(973,62,'../Examples/62/Buklet7.jpg',NULL,6),(974,62,'../Examples/62/Buklet9.jpg',NULL,7),(975,62,'../Examples/62/Dom-Kuhni.jpg',NULL,8),(976,62,'../Examples/62/hostel.jpg',NULL,5),(977,62,'../Examples/62/Kluchy.jpg',NULL,9),(978,62,'../Examples/62/Lux Byuti.jpg',NULL,10),(979,62,'../Examples/62/Shaurma2.jpg',NULL,11),(980,57,'../Examples/57/Antikor12.jpg',NULL,3),(981,57,'../Examples/57/Antikor11.jpg',NULL,4),(982,57,'../Examples/57/Antikor8.jpg',NULL,5),(983,57,'../Examples/57/Antikor7.jpg',NULL,6),(984,57,'../Examples/57/Antikor6.jpg',NULL,7),(985,57,'../Examples/57/Antikor4.jpg',NULL,8),(986,57,'../Examples/57/Antikor3.jpg',NULL,9),(987,57,'../Examples/57/Antikor2.jpg',NULL,11),(988,57,'../Examples/57/Antikor.jpg',NULL,13),(989,57,'../Examples/57/Antikor1.jpg',NULL,16),(990,57,'../Examples/57/Antikor14.jpg',NULL,0),(992,58,'../Examples/58/Azot.jpg',NULL,3),(993,58,'../Examples/58/Dom.jpg',NULL,4),(994,58,'../Examples/58/Grodnohlebprom.jpg',NULL,6),(995,58,'../Examples/58/Naroch.jpg',NULL,8),(996,58,'../Examples/58/Stadion.jpg',NULL,8),(997,58,'../Examples/58/Tonirovka1.jpg',NULL,10),(998,58,'../Examples/58/Tonirovka2.jpg',NULL,13),(999,58,'../Examples/58/Tonirovka3.jpg',NULL,0),(1000,58,'../Examples/58/Tonirovka4.jpg',NULL,11),(1001,58,'../Examples/58/Tonirovka5.jpg',NULL,5),(1002,58,'../Examples/58/Tonirovka6.jpg',NULL,12),(1003,58,'../Examples/58/Tonirovka7.jpg',NULL,9),(1004,58,'../Examples/58/Univer-YK.jpg',NULL,1),(1005,37,'../Examples/37/Zavodskaya1a.jpg',NULL,31),(1022,40,'../Examples/40/Запрещающие-знаки1.jpg',NULL,0),(1023,40,'../Examples/40/Запрещающие-знаки2.jpg',NULL,1),(1024,40,'../Examples/40/Запрещающие-знаки3.jpg',NULL,2),(1025,40,'../Examples/40/Запрещающие-знаки4.jpg',NULL,3),(1026,40,'../Examples/40/Знаки-категорийности-помещений1.jpg',NULL,4),(1027,40,'../Examples/40/Знаки-категорийности-помещений2.jpg',NULL,5),(1028,40,'../Examples/40/Знаки-категорийности-помещений3.jpg',NULL,6),(1029,40,'../Examples/40/Знаки-категорийности-помещений4.jpg',NULL,7),(1030,40,'../Examples/40/Знаки-ограничения-высоты-и-ширины-проезда1.jpg',NULL,8),(1031,40,'../Examples/40/Знаки-пожарной-безопасности1.jpg',NULL,9),(1032,40,'../Examples/40/Знаки-пожарной-безопасности2.jpg',NULL,10),(1033,40,'../Examples/40/Знаки-пожарной-безопасности3.jpg',NULL,11),(1034,40,'../Examples/40/Знаки-пожарной-безопасности4.jpg',NULL,12),(1035,40,'../Examples/40/Знаки-стройплощадки1.jpg',NULL,13),(1036,40,'../Examples/40/Знаки-стройплощадки2.jpg',NULL,14),(1037,40,'../Examples/40/Знаки-электробезопасности1.jpg',NULL,15),(1038,40,'../Examples/40/Знаки-электробезопасности2.jpg',NULL,16),(1039,40,'../Examples/40/Знаки-электробезопасности3.jpg',NULL,17),(1040,40,'../Examples/40/Знаки-электробезопасности4.jpg',NULL,18),(1041,40,'../Examples/40/Знаки-электробезопасности5.jpg',NULL,19),(1042,40,'../Examples/40/Медицинские-и-санитарные-знаки1.jpg',NULL,20),(1043,40,'../Examples/40/Предписывающие-знаки1.jpg',NULL,21),(1044,40,'../Examples/40/Предписывающие-знаки2.jpg',NULL,22),(1045,40,'../Examples/40/Предупреждающие-знаки1.jpg',NULL,23),(1046,40,'../Examples/40/Предупреждающие-знаки2.jpg',NULL,24),(1047,40,'../Examples/40/Предупреждающие-знаки3.jpg',NULL,25),(1048,40,'../Examples/40/Предупреждающие-знаки4.jpg',NULL,26),(1049,40,'../Examples/40/Указательные-знаки1.jpg',NULL,27),(1050,40,'../Examples/40/Эвакуационные-знаки1.jpg',NULL,28),(1051,40,'../Examples/40/Эвакуационные-знаки2.jpg',NULL,29),(1052,40,'../Examples/40/Эвакуационные-знаки3.jpg',NULL,30),(1053,40,'../Examples/40/Эвакуационные-знаки4.jpg',NULL,31),(1060,57,'/Examples/57/Antikoroziyka7.jpg',NULL,10),(1067,42,'/Examples/42/Shema-dvizheniya.jpg',NULL,19),(1068,42,'/Examples/42/Shema-dvizheniya1.jpg',NULL,48),(1070,57,'/Examples/57/Polniy-Antikor1.jpg',NULL,14),(1071,42,'/Examples/42/I Love Belarus.jpg',NULL,16),(1072,44,'/Examples/44/Makita.jpg',NULL,3),(1073,44,'/Examples/44/Makita1.jpg',NULL,1),(1074,44,'/Examples/44/Makita2.jpg',NULL,29),(1075,49,'/Examples/49/Shinomontazh.jpg',NULL,19),(1076,49,'/Examples/49/Mers.jpg',NULL,51),(1078,36,'/Examples/36/Shaurma2.jpg',NULL,6),(1079,44,'/Examples/44/Kulinariya.jpg',NULL,4),(1080,55,'/Examples/55/Vplab-skinali.jpg',NULL,3),(1081,39,'/Examples/39/Shaurma.jpg',NULL,26),(1082,39,'/Examples/39/Shaurma1.jpg',NULL,27),(1083,58,'/Examples/58/Ofis.jpg',NULL,14),(1084,44,'/Examples/44/Opium.jpg',NULL,30),(1085,49,'/Examples/49/AAZ.BY-Gazel.jpg',NULL,36),(1086,39,'/Examples/39/1512.jpg',NULL,47),(1087,39,'/Examples/39/Kashtounast1.jpg',NULL,28),(1088,39,'/Examples/39/Kashtounast.jpg',NULL,59),(1089,39,'/Examples/39/Tablichka-s-karmanami.jpg',NULL,18),(1090,39,'/Examples/39/Day-na-tur.jpg',NULL,19),(1091,39,'/Examples/39/Zheton.jpg',NULL,21),(1092,39,'/Examples/39/Sertifikat.jpg',NULL,20),(1093,39,'/Examples/39/Kulinariya.jpg',NULL,2),(1094,38,'/Examples/38/Cream-shop.jpg',NULL,58),(1095,31,'/Examples/31/Kudri.jpg',NULL,13),(1096,42,'/Examples/42/Matematika.jpg',NULL,36),(1098,42,'/Examples/42/Matematika1.jpg',NULL,37),(1099,44,'/Examples/44/Kulinariya1.jpg',NULL,23),(1100,39,'/Examples/39/Kulinariya1.jpg',NULL,29),(1101,45,'/Examples/45/Lidskoe.jpg',NULL,4),(1102,37,'/Examples/37/Pushkina-18.jpg',NULL,11),(1103,37,'/Examples/37/Vesennya15.jpg',NULL,12),(1104,37,'/Examples/37/Dovatora-per4.jpg',NULL,13),(1105,44,'/Examples/44/Kulinariya2.jpg',NULL,31),(1106,30,'/Examples/30/Promtransinvest-pavilon.jpg',NULL,45),(1107,41,'/Examples/41/OSVOD-stend.jpg',NULL,33),(1109,35,'/Examples/35/Makita.jpg',NULL,22),(1110,35,'/Examples/35/Makita1.jpg',NULL,23),(1111,41,'/Examples/41/Grodnoenergo.jpg',NULL,34),(1112,41,'/Examples/41/Ekologicheskaya-expertiza.jpg',NULL,35),(1113,37,'/Examples/37/Ekologicheskaya-expertiza.jpg',NULL,22),(1114,37,'/Examples/37/Shilda-Grodnoobldorstroi.jpg',NULL,24),(1115,37,'/Examples/37/Shilda Grodnoagrospecavtotrans.jpg',NULL,32),(1116,30,NULL,NULL,46),(1117,30,'/Examples/30/Notariusi1.jpg',NULL,47),(1119,31,'/Examples/31/Shaurma3.jpg',NULL,5),(1120,30,'/Examples/30/Shaurma.jpg',NULL,48),(1121,44,'/Examples/44/Detskaya-odezda.jpg',NULL,32),(1122,34,'/Examples/34/Shaurma.jpg',NULL,14),(1123,41,'/Examples/41/Ekologicheskaya-expertiza1.jpg',NULL,36),(1124,49,'/Examples/49/Kakao.jpg',NULL,53),(1125,39,'/Examples/39/Autozapchasti.jpg',NULL,30),(1126,39,'/Examples/39/Autozapchasti1.jpg',NULL,36),(1127,45,'/Examples/45/Autuzapchasti.jpg',NULL,5),(1128,30,'/Examples/30/Kafe-rezhim.jpg',NULL,51),(1129,38,'/Examples/38/Skinova.jpg',NULL,59),(1130,41,'/Examples/41/Stend-c-kozirkom.jpg',NULL,37),(1131,35,'/Examples/35/Stend-c-kozirkom.jpg',NULL,24),(1132,52,'/Examples/52/Shlem.jpg',NULL,10),(1133,31,'/Examples/31/Makita.jpg',NULL,14),(1134,34,'/Examples/34/Outlet.jpg',NULL,15),(1135,36,'/Examples/36/Shaurma1.jpg',NULL,7),(1136,48,'/Examples/48/Makita.jpg',NULL,0),(1137,49,'/Examples/49/Kakao1.jpg',NULL,49),(1138,30,'/Examples/30/Autozapchasty.jpg',NULL,53),(1139,49,'/Examples/49/Teris.jpg',NULL,54),(1140,47,'/Examples/47/Opium.jpg',NULL,7),(1141,46,'/Examples/46/UAZ.jpg',NULL,6),(1142,48,'/Examples/48/GrodnoOblGaz.jpg',NULL,1),(1143,39,'/Examples/39/SlonimGaz.jpg',NULL,33),(1144,38,'/Examples/38/SlonimGaz.jpg',NULL,60),(1145,39,'/Examples/39/SlonimGaz1.jpg',NULL,31),(1146,38,'/Examples/38/Bielita3.jpg',NULL,61),(1147,39,'/Examples/39/Uhod.jpg',NULL,37),(1148,52,'/Examples/52/Moto.jpg',NULL,11),(1149,39,'/Examples/39/Belkorvita.jpg',NULL,39),(1150,30,'/Examples/30/Belkard.jpg',NULL,55),(1151,30,'/Examples/30/AviaBaltic.jpg',NULL,57),(1152,30,'/Examples/30/Kofeynya.jpg',NULL,58),(1153,36,'/Examples/36/belabedding1.jpg',NULL,8),(1154,39,'/Examples/39/Trafaret1.jpg',NULL,40),(1155,39,'/Examples/39/Audi.jpg',NULL,41),(1156,39,'/Examples/39/Klad.jpg',NULL,42),(1157,39,'/Examples/39/Akciya.jpg',NULL,43),(1158,39,'/Examples/39/Znaki-B.jpg',NULL,44),(1159,39,'/Examples/39/Manikur-holder.jpg',NULL,45),(1160,39,'/Examples/39/Menu.jpg',NULL,46),(1161,31,'/Examples/31/IL-Gatto.jpg',NULL,15),(1162,32,'/Examples/32/Begushchaya-stroka.jpg',NULL,11),(1163,32,'/Examples/32/Naruzhnaya-reklama.jpg',NULL,4),(1165,37,NULL,NULL,33),(1166,37,'/Examples/37/prosp.-Stroiteley.jpg',NULL,21),(1167,55,'/Examples/55/Bielita.jpg',NULL,7),(1168,55,'/Examples/55/Bielita1.jpg',NULL,8),(1169,55,'/Examples/55/Kompanii.jpg',NULL,9),(1170,55,'/Examples/55/MTS.jpg',NULL,10),(1171,55,'/Examples/55/Plan.jpg',NULL,11),(1172,55,'/Examples/55/Royal.jpg',NULL,12),(1173,55,'/Examples/55/SHag.jpg',NULL,13),(1174,55,'/Examples/55/UAZ.jpg',NULL,14),(1175,41,'/Examples/41/BIP1.jpg',NULL,40),(1177,37,'/Examples/37/Volkovicha.jpg',NULL,23),(1179,39,'/Examples/39/Inteks.jpg',NULL,38),(1180,31,'/Examples/31/Intaks.jpg',NULL,16),(1181,31,'/Examples/31/CSMS.jpg',NULL,19),(1182,38,'/Examples/38/CSMS.jpg',NULL,62),(1183,34,'/Examples/34/Klyuchi.jpg',NULL,17),(1184,30,'/Examples/30/Kulinariya-ZT1.jpg',NULL,60),(1185,49,'/Examples/49/Komplektuyushchie-dlya-mebeli.jpg',NULL,55),(1186,35,'/Examples/35/Obedy.jpg',NULL,25),(1187,33,'/Examples/33/Esperanto1.jpg',NULL,9),(1188,50,'/Examples/50/Taksi-UP.jpg',NULL,8),(1189,30,'/Examples/30/Notariusi.jpg',NULL,61),(1190,30,'/Examples/30/Cream-shop.jpg',NULL,62),(1191,30,'/Examples/30/Notariusi2.jpg',NULL,63),(1193,30,'/Examples/30/ShkolaTU.jpg',NULL,38),(1194,34,'/Examples/34/Cyaslar1.jpg',NULL,18),(1195,34,'/Examples/34/Kudri.jpg',NULL,19),(1196,51,'/Examples/51/Ohrana2.jpg',NULL,4),(1198,47,NULL,NULL,8),(1199,47,'/Examples/47/Bosh.jpg',NULL,9),(1200,44,'/Examples/44/Cyaslar.jpg',NULL,14),(1201,38,'/Examples/38/Tonservis.jpg',NULL,63),(1202,30,'/Examples/30/Tonservis.jpg',NULL,64),(1203,49,'/Examples/49/GrodnoPakPlast.jpg',NULL,0),(1204,51,'/Examples/51/DOCAAF.jpg',NULL,5),(1206,30,'/Examples/30/V-Prokate-by.jpg',NULL,22),(1207,30,'/Examples/30/Kulinariya-ZT2.jpg',NULL,59),(1208,30,'/Examples/30/Notariusi3.jpg',NULL,65),(1209,38,'/Examples/38/UAZ7.jpg',NULL,64),(1210,38,'/Examples/38/UAZ6.jpg',NULL,65),(1211,38,'/Examples/38/Lash-House.jpg',NULL,66),(1212,38,'/Examples/38/Mikst.jpg',NULL,67),(1213,44,'/Examples/44/Avto-1.jpg',NULL,33),(1214,35,'/Examples/35/JK.jpg',NULL,26),(1215,34,'/Examples/34/Skidki-makita.jpg',NULL,20),(1216,49,'/Examples/49/Fara.jpg',NULL,56),(1217,55,'/Examples/55/Arches.jpg',NULL,15),(1218,37,'/Examples/37/Gagarina.jpg',NULL,34),(1219,39,'/Examples/39/Shkola.jpg',NULL,48),(1220,39,'/Examples/39/Milwaukee.jpg',NULL,49),(1221,39,'/Examples/39/DOSAAF plan.jpg',NULL,50),(1222,39,'/Examples/39/Notarialnaya plan.jpg',NULL,51),(1223,42,'/Examples/42/Vitrazy-Vesna.jpg',NULL,49),(1225,44,'/Examples/44/Odezhda-iz-Evropi.jpg',NULL,34),(1226,30,'/Examples/30/Odezda-iz-Europy3.jpg',NULL,66),(1227,31,'/Examples/31/Nastigrin.jpg',NULL,20),(1228,39,'/Examples/39/Pravila-nashego-doma.jpg',NULL,52),(1229,39,'/Examples/39/GrodnoLift.jpg',NULL,53),(1230,55,'/Examples/55/GrodnoLift.jpg',NULL,16),(1231,49,'/Examples/49/Kakao2.jpg',NULL,57),(1232,34,'/Examples/34/Detsky-klub1.jpg',NULL,8),(1233,34,'/Examples/34/Detsky-klub.jpg',NULL,21),(1234,31,'/Examples/31/Litebox.jpg',NULL,1),(1235,31,'/Examples/31/Odezhda.jpg',NULL,21),(1236,51,'/Examples/51/Atlas-marshrutnoe.jpg',NULL,6),(1237,52,'/Examples/52/Honda929rr.jpg',NULL,12),(1238,52,'/Examples/52/Honda929rr-CBR.jpg',NULL,13),(1239,44,'/Examples/44/Promrtansinvest-pavilon2.jpg',NULL,13),(1240,44,'/Examples/44/Promrtansinvest-pavilon.jpg',NULL,35),(1241,30,'/Examples/30/Sprava.jpg',NULL,67),(1242,51,'/Examples/51/MCHS-Geely.jpg',NULL,7),(1243,51,'/Examples/51/MCHS-Geely2.jpg',NULL,8),(1244,38,'/Examples/38/Fotozona-Serdechko.jpg',NULL,68),(1245,44,'/Examples/44/Zhivaya-viveska.jpg',NULL,5),(1247,44,'/Examples/44/Serdechko.jpg',NULL,2),(1248,49,'/Examples/49/Evrotok.jpg',NULL,58),(1249,34,'/Examples/34/Avenline.jpg',NULL,22),(1250,49,'/Examples/49/Mogo-Autolizing.jpg',NULL,21),(1251,31,'/Examples/31/MTC.jpg',NULL,22),(1252,52,'/Examples/52/krossovy-moto1.jpg',NULL,14),(1253,49,'/Examples/49/Steklozavod-Renault4.jpg',NULL,59),(1254,49,'/Examples/49/Mogo2.jpg',NULL,60),(1255,49,'/Examples/49/Evrotoc.jpg',NULL,61),(1256,49,'/Examples/49/Steklozavod-UAZ1.jpg',NULL,62),(1257,49,'/Examples/49/Makita2.jpg',NULL,2),(1258,49,'/Examples/49/Steklozavod-GAZ.jpg',NULL,63),(1259,50,NULL,NULL,11),(1260,50,'/Examples/50/7900.jpg',NULL,11),(1261,38,'/Examples/38/Wok-&-Sushi.jpg',NULL,69),(1262,38,'/Examples/38/Wok-&-Sushi5.jpg',NULL,1),(1263,66,'/Examples/66/Shilda-Grodnoobldorstroi.jpg',NULL,1),(1264,66,'/Examples/66/Ekologicheskaya-expertiza.jpg',NULL,0),(1266,66,'/Examples/66/Kashtounast.jpg',NULL,2),(1267,66,'/Examples/66/Shilda-SOlimpiyskogo-rezerva.jpg',NULL,3),(1268,66,'/Examples/66/Shilda-Ss26.jpg',NULL,4),(1269,66,'/Examples/66/Shilda GK Kashtownast.jpg',NULL,5),(1270,66,'/Examples/66/Shilda-Grodnoobldorstroi.jpg',NULL,6),(1271,66,'/Examples/66/Shilda Grodnoagrospecavtotrans.jpg',NULL,7),(1272,66,'/Examples/66/Notarialnaya-palata.jpg',NULL,8),(1274,66,'/Examples/66/Shilda Grodnoagrospecavtotrans.jpg',NULL,10),(1275,66,'/Examples/66/Shilda GKH-shilda.jpg',NULL,11),(1276,66,'/Examples/66/Shilda Univer-Y-Kupali.jpg',NULL,9),(1277,65,'/Examples/65/Antoshka-rezhim.jpg',NULL,1),(1278,65,'/Examples/65/Day-na-tur.jpg',NULL,2),(1279,65,'/Examples/65/Kulinariya.jpg',NULL,3),(1280,65,'/Examples/65/Lubimaya.jpg',NULL,4),(1281,65,'/Examples/65/Promtransinvest.jpg',NULL,0),(1282,65,'/Examples/65/Rezhim-raboty.jpg',NULL,5),(1283,65,'/Examples/65/Rezhim-raboty-Notariusy.jpg',NULL,7),(1284,65,'/Examples/65/Rezhim-raboty-Promtransinvest.jpg',NULL,8),(1285,65,'/Examples/65/Salon-Primavera.jpg',NULL,9),(1286,65,'/Examples/65/Strojmaterialy.jpg',NULL,10),(1288,65,'/Examples/65/Time-of-beauty.jpg',NULL,11),(1289,57,'/Examples/57/Antikor15.jpg',NULL,17),(1290,57,'/Examples/57/Antikor16.jpg',NULL,18),(1291,57,'/Examples/57/Antikor17.jpg',NULL,19),(1293,57,'/Examples/57/Antikor18.jpg',NULL,20),(1294,57,'/Examples/57/Antikor19.jpg',NULL,21),(1295,38,'/Examples/38/Wildberries2.jpg',NULL,70),(1296,38,'/Examples/38/Asoba1.jpg',NULL,71),(1297,39,'/Examples/39/Tekhnositi.jpg',NULL,54),(1298,31,'/Examples/31/NikaNitka.jpg',NULL,23),(1299,36,'/Examples/36/Tekhnositi1.jpg',NULL,9),(1300,65,'/Examples/65/Kavyarnya1.jpg',NULL,12),(1301,65,'/Examples/65/Svitanak.jpg',NULL,13),(1302,65,'/Examples/65/NikaNitka.jpg',NULL,14),(1303,65,'/Examples/65/TekhnoSiti.jpg',NULL,15),(1304,49,'/Examples/49/Mersedes-edition.jpg',NULL,64),(1305,49,'/Examples/49/Camaro-Performance.jpg',NULL,65),(1306,49,'/Examples/49/Steklozavod-Geely-Coolray.jpg',NULL,66),(1307,49,'/Examples/49/AutoGroup.jpg',NULL,67),(1308,52,'/Examples/52/Kvadrocikl.jpg',NULL,15),(1309,41,'/Examples/41/Grodnooblgaz1.jpg',NULL,42),(1310,41,'/Examples/41/Grodnooblgaz.jpg',NULL,43),(1311,65,'/Examples/65/Wildberries3.jpg',NULL,16),(1312,30,'/Examples/30/Wildberries1.jpg',NULL,27),(1313,57,'/Examples/57/Fari-Kapot2.jpg',NULL,12),(1314,57,'/Examples/57/Fari-Kapot.jpg',NULL,22),(1315,31,'/Examples/31/Samsung.jpg',NULL,18),(1317,44,'/Examples/44/Troyka1.jpg',NULL,12),(1318,43,'/Examples/43/Dizajn-oblozhki.jpg',NULL,3),(1319,49,'/Examples/49/Edition-Caravelle.jpg',NULL,68),(1320,49,'/Examples/49/Remont-btex.jpg',NULL,69),(1321,49,'/Examples/49/Makita4.jpg',NULL,70),(1322,52,'/Examples/52/Karting.jpg',NULL,16),(1323,58,'/Examples/58/Tonirovka11.jpg',NULL,15),(1324,49,'/Examples/49/Armkomplekt.jpg',NULL,71),(1325,31,'/Examples/31/Myasomolprom.jpg',NULL,24),(1326,38,'/Examples/38/Bukvi.jpg',NULL,72),(1327,39,'/Examples/39/1-Планшеты.jpg',NULL,55),(1328,39,'/Examples/39/2.-Доски-информации.jpg',NULL,56),(1329,39,'/Examples/39/3.-Таблички-«Выгул-собак».jpg',NULL,57),(1330,39,'/Examples/39/4.-Таблички-«По-газону-не-ходить».jpg',NULL,58),(1331,39,'/Examples/39/5.-Таблички-«Дети».jpg',NULL,61),(1332,39,'/Examples/39/6.-Таблички-входа-в-подъезд.jpg',NULL,62),(1333,39,'/Examples/39/7.-Таблички-у-лифта.jpg',NULL,64),(1334,39,'/Examples/39/8.-Таблички-на-этажах.jpg',NULL,65),(1335,39,'/Examples/39/9.-Наклейки-в-подъезды.jpg',NULL,66),(1336,39,'/Examples/39/10.-Наклейки-Видеонаблюдение.jpg',NULL,67),(1337,39,'/Examples/39/11.-В-кабину-лифта-скинали,-наклейки.jpg',NULL,68),(1338,39,'/Examples/39/12.-Таблички-информационные.jpg',NULL,69),(1339,39,'/Examples/39/13.-Трафареты.jpg',NULL,70),(1340,39,'/Examples/39/14.-Знаки-безопасности.jpg',NULL,71),(1341,39,'/Examples/39/15.-Домовой-знак.jpg',NULL,72),(1342,39,'/Examples/39/16.-Наклейки-и-таблички-на-шлагбаум.jpg',NULL,73),(1343,41,'/Examples/41/Molochko.jpg',NULL,45),(1344,49,'/Examples/49/DeEv-Mebel.jpg',NULL,72),(1345,65,'/Examples/65/Dormicum.jpg',NULL,6),(1346,38,'/Examples/38/Dormicum.jpg',NULL,22),(1347,34,'/Examples/34/DeEv-Mebel.jpg',NULL,23),(1348,38,'/Examples/38/Pyatnica.jpg',NULL,47),(1349,38,'/Examples/38/Russkaya-trojka1.jpg',NULL,23),(1350,41,'/Examples/41/Wildberries.jpg',NULL,46),(1351,41,'/Examples/41/Belita.jpg',NULL,47),(1352,41,'/Examples/41/Profsoyuznyj-ugolok.jpg',NULL,48),(1353,39,'/Examples/39/Pasport-stroimelstva.jpg',NULL,74),(1354,30,'/Examples/30/Kulinariya-ZT3.jpg',NULL,68),(1355,30,'/Examples/30/Cvety.jpg',NULL,69),(1356,30,'/Examples/30/Pyatnica3.jpg',NULL,70),(1357,33,'/Examples/33/SHaurma2.jpg',NULL,6),(1358,65,'/Examples/65/Kulinariya2.jpg',NULL,17),(1359,66,'/Examples/66/GNS-Svisloch.jpg',NULL,12),(1360,30,'/Examples/30/GNS-Svisloch.jpg',NULL,71),(1361,30,'/Examples/30/GNS.jpg',NULL,72),(1362,49,'/Examples/49/Granit.jpg',NULL,73),(1363,41,'/Examples/41/Groniteks.jpg',NULL,49),(1364,51,'/Examples/51/Med-pomoshch.jpg',NULL,9),(1365,39,'/Examples/39/Kalozhskaya-cerkov.jpg',NULL,75),(1366,39,'/Examples/39/Sanuzel.jpg',NULL,76),(1367,37,'/Examples/37/Polevaya.jpg',NULL,35),(1368,41,'/Examples/41/ZHSPK.jpg',NULL,50),(1369,44,'/Examples/44/Svetofor.jpg',NULL,36),(1370,44,'/Examples/44/Viteks.jpg',NULL,37),(1371,44,'/Examples/44/Yuvelirnaya.jpg',NULL,25),(1372,49,'/Examples/49/Kolesoplus.jpg',NULL,25),(1373,49,'/Examples/49/Edition.jpg',NULL,74),(1374,49,'/Examples/49/Dodg-sport.jpg',NULL,75),(1375,49,'/Examples/49/Green-House.jpg',NULL,76),(1376,30,'/Examples/30/Larionoff.jpg',NULL,73),(1377,38,'/Examples/38/Larionoff.jpg',NULL,48),(1378,41,'/Examples/41/ES.jpg',NULL,41),(1379,41,'/Examples/41/ES1.jpg',NULL,0),(1380,41,'/Examples/41/ES2.jpg',NULL,51),(1381,41,'/Examples/41/ES4.jpg',NULL,39),(1383,41,'/Examples/41/ESStojka.jpg',NULL,52),(1384,41,'/Examples/41/ES7.jpg',NULL,53),(1385,41,'/Examples/41/Prokurat.jpg',NULL,38),(1386,49,'/Examples/49/Grodnohlebprom.jpg',NULL,77),(1387,30,'/Examples/30/Titova14.jpg',NULL,74),(1388,30,'/Examples/30/Amatista.jpg',NULL,75),(1389,38,'/Examples/38/Mikst1.jpg',NULL,73),(1391,39,'/Examples/39/Titan.jpg',NULL,60),(1392,39,'/Examples/39/Style.jpg',NULL,77),(1393,52,'/Examples/52/Gidrocykl.jpg',NULL,17),(1394,51,'/Examples/51/Garbage-truck.jpg',NULL,10),(1395,51,'/Examples/51/garbage-truck3.jpg',NULL,11),(1396,57,'/Examples/57/Volga2.jpg',NULL,23),(1397,57,'/Examples/57/Volga.jpg',NULL,24),(1398,51,'/Examples/51/Avtobus.jpg',NULL,12),(1399,35,'/Examples/35/Kamen1.jpg',NULL,27),(1400,66,'/Examples/66/Kamen.jpg',NULL,13),(1401,41,'/Examples/41/stolik-s-yashchikom.jpg',NULL,44),(1402,41,'/Examples/41/ES.jpg',NULL,54),(1403,38,'/Examples/38/Inglot.jpg',NULL,74),(1404,30,'/Examples/30/SHkolaTU2.jpg',NULL,76),(1405,34,'/Examples/34/Kofe-s-soboj.jpg',NULL,24),(1406,34,'/Examples/34/Shaurma1.jpg',NULL,25),(1407,35,NULL,NULL,28),(1408,35,NULL,NULL,28),(1409,35,'/Examples/35/Pilon.jpg',NULL,29),(1410,44,'/Examples/44/Banner1.jpg',NULL,38),(1411,44,'/Examples/44/Podium.jpg',NULL,39),(1412,51,'/Examples/51/Avarijnaya-sluzhba.jpg',NULL,13),(1413,49,'/Examples/49/Valdai-next1.jpg',NULL,78),(1414,42,'/Examples/42/Simvolika22.jpg',NULL,18),(1415,30,'/Examples/30/StudiaKlub.jpg',NULL,77),(1416,37,'/Examples/37/Titova.jpg',NULL,36),(1417,41,'/Examples/41/Grodnoenergo.jpg',NULL,23),(1418,41,'/Examples/41/Grodnoenergo1.jpg',NULL,55),(1419,41,'/Examples/41/Grodnoenergo2.jpg',NULL,56),(1420,41,'/Examples/41/Grodnoenergo3.jpg',NULL,57),(1421,38,'/Examples/38/Uno.jpg',NULL,75),(1422,41,'/Examples/41/Grodnoenergo6.jpg',NULL,58),(1423,41,'/Examples/41/Grodnoenergo5.jpg',NULL,59),(1424,41,'/Examples/41/Grodnoenergo4.jpg',NULL,60),(1425,41,'/Examples/41/HK.jpg',NULL,22),(1426,30,'/Examples/30/Coffee.jpg',NULL,78),(1427,49,'/Examples/49/Gruzo.jpg',NULL,79),(1428,34,'/Examples/34/NS-studia.jpg',NULL,26),(1429,31,'/Examples/31/MedTehno.jpg',NULL,25),(1430,39,'/Examples/39/Vizov.jpg',NULL,78),(1431,33,'/Examples/33/SHaurma3.jpg',NULL,13),(1432,31,'/Examples/31/Malina.jpg',NULL,17),(1433,34,'/Examples/34/Zov.jpg',NULL,27),(1434,31,'/Examples/31/Pasteria.jpg',NULL,26),(1435,30,'/Examples/30/Pasteriya.jpg',NULL,79),(1436,65,'/Examples/65/Larionoff.jpg',NULL,18),(1437,30,'/Examples/30/Amatista1.jpg',NULL,80),(1438,65,'/Examples/65/Gronitex.jpg',NULL,19),(1439,38,'/Examples/38/FK-Neman1.jpg',NULL,76),(1440,43,'/Examples/43/FK-Neman1.jpg',NULL,8),(1441,43,'/Examples/43/FK-Neman2.jpg',NULL,9),(1442,43,'/Examples/43/FK-Neman.jpg',NULL,10),(1443,30,'/Examples/30/Polesie.jpg',NULL,81),(1444,30,'/Examples/30/Polesie1.jpg',NULL,82),(1445,30,'/Examples/30/Medtehnika1.jpg',NULL,83),(1446,30,'/Examples/30/Medtehnika.jpg',NULL,84),(1449,57,'/Examples/57/Antigravijnaya-zashchita1.jpg',NULL,15),(1450,51,'/Examples/51/MVD1.jpg',NULL,14),(1451,51,'/Examples/51/MVD2.jpg',NULL,15),(1452,57,'/Examples/57/Antikor21.jpg',NULL,25),(1453,57,'/Examples/57/Antikor20.jpg',NULL,26),(1454,57,NULL,NULL,27),(1455,57,'/Examples/57/Antikor23.jpg',NULL,27),(1456,57,'/Examples/57/Antikor22.jpg',NULL,28),(1457,33,'/Examples/33/Buketnaya-lavka.jpg',NULL,14),(1458,33,'/Examples/33/Remont-telefonov.jpg',NULL,15),(1459,33,'/Examples/33/Shtory.jpg',NULL,16),(1460,33,'/Examples/33/Stok.jpg',NULL,17),(1461,30,'/Examples/30/Shaurma1.jpg',NULL,85),(1462,41,'/Examples/41/Ohrana-Grodno.jpg',NULL,61),(1463,39,'/Examples/39/Tablichka.jpg',NULL,32),(1464,39,'/Examples/39/Holder-nastolni.jpg',NULL,63),(1465,39,'/Examples/39/Ne-vhodit.jpg',NULL,79),(1466,30,'/Examples/30/Sharm.jpg',NULL,86),(1467,38,'/Examples/38/PonPushka.jpg',NULL,77),(1469,39,'/Examples/39/Ponpushka.jpg',NULL,80),(1470,52,'/Examples/52/Seadoo.jpg',NULL,5),(1471,52,'/Examples/52/Seadoo1.jpg',NULL,18),(1472,33,'/Examples/33/Fino.jpg',NULL,18),(1473,39,'/Examples/39/Nomerki.jpg',NULL,81),(1474,51,'/Examples/51/Uchebny.jpg',NULL,16),(1475,57,'/Examples/57/Antikoroziyka16.jpg',NULL,1),(1476,51,'/Examples/51/Uchebny3.jpg',NULL,17),(1478,49,'/Examples/49/Uchebny2.jpg',NULL,80),(1480,35,'/Examples/35/RollUp.jpg',NULL,30),(1481,33,'/Examples/33/Kluchy1.jpg',NULL,19),(1482,49,'/Examples/49/Obuhovo.jpg',NULL,81),(1483,57,'/Examples/57/Antikor27.jpg',NULL,29),(1484,57,'/Examples/57/Antikor26.jpg',NULL,30),(1485,57,'/Examples/57/Antikor25.jpg',NULL,31),(1486,39,'/Examples/39/Kosmetologiya.jpg',NULL,34),(1487,38,'/Examples/38/Kosmetologiya1.jpg',NULL,78),(1488,49,'/Examples/49/Grofort.jpg',NULL,82),(1489,49,'/Examples/49/Obuhovo.jpg',NULL,83),(1490,30,'/Examples/30/Sedmoe-Chuvstvo.jpg',NULL,87),(1491,49,'/Examples/49/Azbuka-okon1.jpg',NULL,84),(1492,49,'/Examples/49/Centr-zhilya.jpg',NULL,85),(1493,49,'/Examples/49/Azbuka-okon.jpg',NULL,86),(1494,49,'/Examples/49/Edition1.jpg',NULL,87),(1495,39,'/Examples/39/Notariusi1.jpg',NULL,82),(1496,39,'/Examples/39/Notariusi.jpg',NULL,83),(1497,41,'/Examples/41/HK1.jpg',NULL,62),(1498,41,'/Examples/41/Informaciya.jpg',NULL,63),(1499,44,'/Examples/44/Banner2.jpg',NULL,40),(1500,34,'/Examples/34/Dormicum1.jpg',NULL,28),(1501,38,'/Examples/38/Molodechnomebel.jpg',NULL,79),(1502,38,'/Examples/38/stolik-s-yashchikom.jpg',NULL,28),(1503,39,'/Examples/39/Detskaya-plischadka.jpg',NULL,84),(1504,39,'/Examples/39/Zhes.jpg',NULL,85),(1505,37,'/Examples/37/ST.jpg',NULL,37),(1506,41,'/Examples/41/Demo-panel.jpg',NULL,64),(1508,31,'/Examples/31/Ohrana-Mosty.jpg',NULL,27),(1509,49,'/Examples/49/Formula-vody.jpg',NULL,88),(1510,49,'/Examples/49/Mebel.jpg',NULL,89),(1511,30,'/Examples/30/Grodnoobltoplivo.jpg',NULL,88),(1512,34,'/Examples/34/Vitriny.jpg',NULL,29),(1513,34,'/Examples/34/Sedan.jpg',NULL,30),(1514,30,'/Examples/30/Stories.jpg',NULL,89),(1515,49,'/Examples/49/Edem.jpg',NULL,90),(1516,49,'/Examples/49/Edem2.jpg',NULL,91),(1517,49,'/Examples/49/Edem1.jpg',NULL,92),(1518,52,'/Examples/52/Honda2.jpg',NULL,19),(1519,33,'/Examples/33/Dosermana.jpg',NULL,20),(1520,65,'/Examples/65/N-Arhiv1.jpg',NULL,20),(1521,65,'/Examples/65/N-Arhiv.jpg',NULL,21),(1522,34,'/Examples/34/Dlya-doma.jpg',NULL,31),(1523,31,'/Examples/31/PONpushka.jpg',NULL,28),(1524,30,'/Examples/30/Sherlok.jpg',NULL,90),(1525,33,'/Examples/33/KramaLelya.jpg',NULL,21),(1526,34,'/Examples/34/AutoCity.jpg',NULL,32),(1527,39,'/Examples/39/Director.jpg',NULL,35),(1528,37,'/Examples/37/Ubileynaya-3.jpg',NULL,16),(1529,37,'/Examples/37/Sadovaya14.jpg',NULL,26),(1530,37,'/Examples/37/Centralnaya,28.jpg',NULL,27),(1531,55,'/Examples/55/MUS.jpg',NULL,17),(1532,49,'/Examples/49/Chaikoffskiy.jpg',NULL,93),(1533,49,'/Examples/49/Mzuri.jpg',NULL,94),(1534,49,'/Examples/49/Electromontag.jpg',NULL,95),(1535,49,'/Examples/49/Malevanka.jpg',NULL,96),(1536,49,'/Examples/49/Polosa.jpg',NULL,97),(1537,38,'/Examples/38/Itsan.jpg',NULL,80),(1538,38,'/Examples/38/FK-Neman.jpg',NULL,81),(1539,38,'/Examples/38/Urialt.jpg',NULL,82),(1541,55,'/Examples/55/N-Svisloch.jpg',NULL,18),(1542,51,'/Examples/51/Avariynaya.jpg',NULL,18),(1544,49,'/Examples/49/Service1.jpg',NULL,98),(1545,39,'/Examples/39/Lazer.jpg',NULL,86),(1546,57,'/Examples/57/Antikor29.jpg',NULL,32),(1547,49,'/Examples/49/Urrialt.jpg',NULL,99),(1548,49,'/Examples/49/V-Prokate.jpg',NULL,100),(1549,49,'/Examples/49/Evrotoc1.jpg',NULL,101),(1550,37,'/Examples/37/Pridorozhnaya.jpg',NULL,38),(1551,57,'/Examples/57/Polosa1.jpg',NULL,33),(1552,37,'/Examples/37/Историческая,40.jpg',NULL,15),(1553,37,'/Examples/37/Мицкевича,14.jpg',NULL,14),(1554,39,'/Examples/39/Ostorozno.jpg',NULL,87),(1555,38,NULL,NULL,83),(1556,38,NULL,NULL,83),(1557,38,'/Examples/38/AMK.jpg',NULL,83),(1558,57,'/Examples/57/Antikor34.jpg',NULL,34),(1559,57,'/Examples/57/Antikor33.jpg',NULL,35),(1560,57,'/Examples/57/Antikor32.jpg',NULL,36),(1561,57,'/Examples/57/Antikor31.jpg',NULL,37),(1562,41,'/Examples/41/Genocid.jpg',NULL,65),(1563,42,'/Examples/42/GrGG6.jpg',NULL,50),(1564,42,'/Examples/42/GrGG4.jpg',NULL,0),(1565,42,'/Examples/42/GrGG.jpg',NULL,17),(1566,42,'/Examples/42/GrGG1.jpg',NULL,51),(1568,41,'/Examples/41/GrGG4.jpg',NULL,24),(1569,41,'/Examples/41/GrGG.jpg',NULL,25),(1570,30,'/Examples/30/Shaurma2.jpg',NULL,91);
/*!40000 ALTER TABLE `product_type_examples` ENABLE KEYS */;
UNLOCK TABLES;

--
-- Table structure for table `product_types`
--

DROP TABLE IF EXISTS `product_types`;
/*!40101 SET @saved_cs_client     = @@character_set_client */;
/*!50503 SET character_set_client = utf8mb4 */;
CREATE TABLE `product_types` (
  `PRODUCT_TYPE_ID` int NOT NULL AUTO_INCREMENT,
  `PARENT_ID` int DEFAULT NULL,
  `NAME` varchar(100) DEFAULT NULL,
  `DESCRIPTION` varchar(400) DEFAULT NULL,
  `thumbnail` varchar(200) DEFAULT NULL,
  `DEMESNE_ID` int DEFAULT NULL,
  `HIDE_IN_TREE` bit(1) DEFAULT b'0',
  `display_order` int NOT NULL DEFAULT '0',
  `type_description` mediumtext,
  PRIMARY KEY (`PRODUCT_TYPE_ID`),
  UNIQUE KEY `PRODUCT_TYPE_ID_UNIQUE` (`PRODUCT_TYPE_ID`),
  KEY `PARENT_ID_idx` (`PARENT_ID`),
  KEY `demesne_ID_idx` (`DEMESNE_ID`),
  CONSTRAINT `PARENT_ID` FOREIGN KEY (`PARENT_ID`) REFERENCES `product_types` (`PRODUCT_TYPE_ID`)
) ENGINE=InnoDB AUTO_INCREMENT=67 DEFAULT CHARSET=utf8mb4 COLLATE=utf8mb4_0900_ai_ci;
/*!40101 SET character_set_client = @saved_cs_client */;

--
-- Dumping data for table `product_types`
--

LOCK TABLES `product_types` WRITE;
/*!40000 ALTER TABLE `product_types` DISABLE KEYS */;
INSERT INTO `product_types` VALUES (20,NULL,'Наружная реклама','Наружная реклама формирует образ вашей компании-продавца и приносит вам прибыль. Мы изготовим любую рекламу для наружного размещения, будь то нестандартный световой короб, большие дизайнерские буквы или отдельно стоящие конструкции.','../Examples/Thumbnails/roof.jpg',1,_binary '\0',1,NULL),(21,NULL,'Интерьерная реклама','Предлагаем интерьерные вывески с уникальным дизайном и качественным исполнением, световые и не световые объемные буквы, таблички-ориентиры, уголки клиента. Рекламное оформление ресепшн, зон продаж и отдыха. Всё, чтобы завоевать внимание Ваших  покупателей!','../Examples/Thumbnails/interior.jpg',1,_binary '\0',2,NULL),(22,NULL,'Широкоформатная печать','Мы печатаем на: баннере, пленке, сетке, перфорированной пленке, бумаге, ткани, фотообоях, backlight. Для защиты изображения используем широкоформатное ламинирование.','../Examples/Thumbnails/wide.jpg',1,_binary '\0',4,NULL),(23,NULL,'Реклама на транспорте','Мы профессионально оклеиваем автомобили рекламой. Мы знаем, как сделать рекламное изображение долговечным и создающим дополнительную защиту кузова. Брендированный автомобиль становится мобильным рекламным носителем корпоративных интересов!','../Examples/Thumbnails/car.jpg',1,_binary '\0',3,NULL),(24,NULL,'Согласование рекламы (Паспортизация)','Дизайн, в нашей работе, это увлекательный творческий процесс, который приводит к созданию концептуально оригинального проекта рекламы на основе брифа заказчика и точно в срок.','../Examples/Thumbnails/pasportization.jpg',1,_binary '\0',6,NULL),(25,NULL,'Скинали (Стеновые панели из стекла)','Скинали — это стеклянная поверхность с нанесенной фотопечатью. Этот вид декоративной отделки «фартука» на кухне и шкафов-купе. Это настенные фотопанно, создающие современный и неповторимый интерьер, Преимущества экологичного материала и простота ухода!','../Examples/Thumbnails/tales.jpg',1,_binary '\0',5,NULL),(27,NULL,'Антикоррозийная обработка Dinitrol, Mercasol, Noxudol','Мы располагаем 20-летним опытом антикоррозийной обработки автомобилей. Для защиты от коррозии, мы используем только качественные материалы: Dinitrol, Mercasol, Noxudol. Бесплатное ежегодное обслуживание!','../Examples/Thumbnails/anticor.jpg',2,_binary '\0',8,NULL),(28,NULL,'Тонирование и бронирование стекол','Тонировка стёкол служит защитой от солнца, украшает фасады, сохраняет приватность. Разнообразие оттенков зеркальных плёнок с односторонней видимостью и матовых пленок. Защитные плёнки класса А1, А2, А3 обезопасят Вас в случае разбитого стекла.','../Examples/Thumbnails/ton.jpg',3,_binary '\0',9,NULL),(30,20,'Вывески',NULL,NULL,NULL,_binary '\0',1,'<h2 class=\"ql-align-center\">Рекламная вывеска – один из основных и самых эффективных средств наружной рекламы!</h2><p class=\"ql-align-center\"><br></p><p><span style=\"color: rgb(51, 51, 51);\">Открывая свой бизнес (8 033 361-00-11) или пытаясь вывести его на новый уровень невозможно переоценить преимущества таких конструкций.</span></p><p><span style=\"color: rgb(51, 51, 51);\">Яркие и привлекающие внимание вывески решают важные для бизнеса задачи:</span></p><p><span style=\"color: rgb(51, 51, 51);\">• информируют покупателей;</span></p><p><span style=\"color: rgb(51, 51, 51);\">• рекламируют Вашу компанию;</span></p><p><span style=\"color: rgb(51, 51, 51);\">• побуждают совершить покупки.</span></p><p class=\"ql-align-justify\"><span style=\"color: rgb(51, 51, 51);\">&nbsp;Цепляющий дизайн, воздействующий на потенциального потребителя стимулирует зайти внутрь и совершить покупки. Это и есть показатель удачной рекламы! После установки или смены вывески резко возрастает количество клиентов, что закономерно приводит к увеличению продаж.</span></p><p class=\"ql-align-justify\"><span style=\"color: rgb(51, 51, 51);\">Поэтому изготовление вывесок нужно заказывать у профессионалов. Специалисты «Тон-Сервис» успешно применяют на практике самые эффективные стратегии привлечения клиентов и разрабатывают оригинальные рекламные решения индивидуально под каждого заказчика. Мы стремимся учесть множество факторов: конъюнктуру, место, наличие конкурентов, режим работы.</span></p><p><span style=\"color: rgb(51, 51, 51);\">Качественная наружная реклама приносит прибыль, быстро окупающую цену её изготовления. </span></p><p><br></p><p><strong style=\"color: rgb(51, 51, 51);\">РЕКЛАМНЫЕ ВЫВЕСКИ, ИЗГОТОВЛЕННЫЕ В «ТОН-СЕРВИС»</strong></p><p><br></p><p class=\"ql-align-justify\"><span style=\"color: rgb(51, 51, 51);\">• Вывески по индивидуальному дизайну.</span></p><p class=\"ql-align-justify\"><span style=\"color: rgb(51, 51, 51);\">• Рекламные конструкции высокого качества. Производство вывесок мы осуществляем на собственной базе полного цикла с соблюдением технологий и контролем качества на всех этапах работы.</span></p><p class=\"ql-align-justify\"><span style=\"color: rgb(51, 51, 51);\">• Гибкая ценовая политика. Вывеску можно «адаптировать» под желаемую сумму Ваших затрат на рекламу, маневрируя материалами, размером и, конечно, в разумных пределах;</span></p><p class=\"ql-align-justify\"><span style=\"color: rgb(51, 51, 51);\">• Оперативный монтаж. Вы можете заказать монтаж в «Тон-Сервис» не только по Гродно.</span></p><p class=\"ql-align-justify\"><span style=\"color: rgb(51, 51, 51);\">• Продолжительный срок службы.</span></p><p class=\"ql-align-justify\"><span style=\"color: rgb(51, 51, 51);\">• Гарантийное обслуживание.</span></p><p class=\"ql-align-justify\"><span style=\"color: rgb(51, 51, 51);\">• Документальное сопровождение.</span></p><p class=\"ql-align-justify\"><br></p><p><strong style=\"color: rgb(51, 51, 51);\">ВАРИАНТЫ РЕКЛАМНЫХ КОНСТРУКЦИЙ</strong></p><p><br></p><p><em style=\"color: rgb(51, 51, 51);\">По месту расположения и типу крепления:</em></p><p><br></p><p><span style=\"color: rgb(51, 51, 51);\">• наружные фасадные вывески;</span></p><p><span style=\"color: rgb(51, 51, 51);\">• интерьерные вывески;</span></p><p><span style=\"color: rgb(51, 51, 51);\">• крышные конструкции;</span></p><p><span style=\"color: rgb(51, 51, 51);\">• консольно закреплённые кронштейны, которые имеют два рекламных поля;</span></p><p><span style=\"color: rgb(51, 51, 51);\">• отдельно стоящие рекламоносители (штендеры, пилоны, ситиборды);</span></p><p><span style=\"color: rgb(51, 51, 51);\">• баннерные растяжки.</span></p><p><br></p><p><em style=\"color: rgb(51, 51, 51);\">По наличию подсветки и её типу:</em></p><p><br></p><p><span style=\"color: rgb(51, 51, 51);\">• не световые вывески;</span></p><p><span style=\"color: rgb(51, 51, 51);\">• светодиодные вывески с фасадным или контражурным свечением;</span></p><p><span style=\"color: rgb(51, 51, 51);\">• неоновые вывески;</span></p><p><span style=\"color: rgb(51, 51, 51);\">• электронные табло из LED-элементов и видеоэкраны;</span></p><p><span style=\"color: rgb(51, 51, 51);\">• прочие варианты.</span></p><p><br></p><p><em style=\"color: rgb(51, 51, 51);\">По типу исполнения:</em></p><p><br></p><p><span style=\"color: rgb(51, 51, 51);\">• рекламные буквы разного объема, с подсветкой и без;</span></p><p><span style=\"color: rgb(51, 51, 51);\">• лайтбокс, рекламный короб.</span></p><p><br></p><p><em style=\"color: rgb(51, 51, 51);\">По возможности менять информацию:</em></p><p><br></p><p><span style=\"color: rgb(51, 51, 51);\">• статичные вывески;</span></p><p><span style=\"color: rgb(51, 51, 51);\">• динамичные вывески по типу «бегущей строки».</span></p><p><br></p><p><span style=\"color: rgb(51, 51, 51);\">Вывески «Тон-сервис» будут работать на процветание Вашего бизнеса!</span></p><p><br></p><p><span style=\"color: rgb(51, 51, 51);\">Звоните! Реклама Гродно, «Тон-сервис», ул. Октябрьская, 4.</span></p><p>Тел. <span style=\"color: rgb(51, 51, 51);\">8(0152) 68-03-90, 8(033) 361-00-11, 8(029) 78-000-23.</span></p><p><br></p><p class=\"ql-align-justify\"><span style=\"color: rgb(51, 51, 51);\">&nbsp;Изготовление вывесок – одно из основных направлений деятельности компании «Тон-Сервис». Наши специалисты практикуют индивидуальный подход к каждому клиенту. После детального обсуждения проекта сотрудники предприятия&nbsp;«Тон-Сервис» оперативно и качественно разработают и изготовят вывеску с учетом Ваших пожеланий и требований к средствам наружной рекламы. Мы предлагаем исключительно свежие, оригинальные и эффективные решения.</span></p><p class=\"ql-align-justify\"><span style=\"color: rgb(51, 51, 51);\">Наши главные преимущества:</span></p><ul><li class=\"ql-align-justify\"><span style=\"color: rgb(51, 51, 51);\">достойное&nbsp;качество работы,</span></li><li class=\"ql-align-justify\"><span style=\"color: rgb(51, 51, 51);\">внушительный опыт,</span></li><li class=\"ql-align-justify\"><span style=\"color: rgb(51, 51, 51);\">внимательный&nbsp;подход к каждому клиенту,</span></li><li class=\"ql-align-justify\"><span style=\"color: rgb(51, 51, 51);\">гибкая ценовая политика,</span></li><li class=\"ql-align-justify\"><span style=\"color: rgb(51, 51, 51);\">возможность работы по всей Беларуси,</span></li><li class=\"ql-align-justify\"><span style=\"color: rgb(51, 51, 51);\">постоянное совершенствование и применение на практике передовых технологий.</span></li></ul>'),(31,20,'Световые короба, лайтбоксы',NULL,NULL,NULL,_binary '\0',2,'<p class=\"ql-align-center\">Рекламный короб. Лайтбоксы</p><p class=\"ql-align-justify\"><br></p><p class=\"ql-align-justify\">Световые короба (лайтбоксы) – одно из распространенных средств наружной рекламы, которое, по статистике, способно увеличить узнаваемость бренда на 22%. Рекламный короб не только донесет информацию потребителю, но также может выступать украшением экстерьера здания. Световые короба просты в эксплуатации и потому подходят для рекламирования краткосрочных акций, а также могут служить постоянной вывеской.</p><p class=\"ql-align-justify\">&nbsp;Рекламный световой короб&nbsp;в Гродно Вы можете заказать в СОДО «Тон-сервис», ул. Октябрьская, 4.&nbsp;Контактные телефоны:&nbsp;Тел. <span style=\"color: rgb(51, 51, 51);\">8(0152) 68-03-90, 8(033) 361-00-11, 8(029) 78-000-23.</span></p><p>&nbsp;</p><p>Лайтбокс – это рекламная конструкция, изготовленная в форме короба, имеющего с лицевой стороны рекламное поле с нанесенным на него изображением. Рекламный короб может быть световой, так и без подсветки.</p><p><br></p><p><strong>По форме:</strong></p><p><br></p><p>• прямоугольный короб;</p><p>• фигурный рекламный короб.</p><p><br></p><p><strong>По технологии исполнения:</strong></p><p><br></p><p class=\"ql-align-justify\">• Прямоугольный световой короб.</p><p class=\"ql-align-justify\">Изготавливается на основе алюминиевого или пластикового профиля, в качестве лицевой поверхности используется светорассеивающее оргстекло или монолитный поликарбонат, оклеенные виниловой пленкой или фотопечатью с ламинацией. Основа короба изготавливается из ПВХ или алюмокомпозита, внутренняя подсветка реализуется светодиодными модулями с трансформаторами. Это популярный и экономичный вариант.</p><p class=\"ql-align-justify\">Листовой акрил, на который наносится изображение имеет размеры 3х2 м, что ограничивает предельные размеры светового короба.</p><p class=\"ql-align-justify\">Разновидностью таких типов лайтбоксов может быть световое меню – традиционный атрибут оформления кафе и ресторанов, облегчающий заказ и обслуживание. Световое меню чаще имеет типовые размеры от 0,4х0,6м до 1,2х0,8 м.</p><p class=\"ql-align-justify\">• Фигурный клееный световой короб.</p><p class=\"ql-align-justify\">Отличительной чертой лайтбоксов данного типа является то, что они могут быть сложной формы. Фигурный лайтбокс позволяет передать фирменный стиль рекламного оформления компании, а так же обойти архитектурные элементы здания.</p><p class=\"ql-align-justify\">• Световой короб из металлокомпозита с объёмной инкрустацией из акрила и внутренней светодиодной подсветкой.</p><p class=\"ql-align-justify\">Отличается высокой стоимостью, но и высокими эстетическими характеристиками. Долговечность и красота делают этот вид рекламы очень практичным.</p><p class=\"ql-align-justify\">• Баннерный световой короб.</p><p class=\"ql-align-justify\">Для оформления лицевой стороны используется баннерная ткань с фотопечатью.</p><p class=\"ql-align-justify\">• Тонкие световые панели.</p><p class=\"ql-align-justify\">В световых панелях используется не внутренняя, а торцевая подсветка, что и обеспечивают тонкость конструкции. Светодиодная лента повышенной яркости устанавливается либо в паз стекла, либо в алюминиевый профиль. Тонкость и прозрачность делает их особенно привлекательными.</p><p class=\"ql-align-justify\">• Лайтбоксы со сменой рекламной информацией.</p><p class=\"ql-align-justify\">Рекламный постер для таких лайтбоксов легко извлечь и поменять, а для фотопечати используется специальный светопроницаемый материал backlight. Самый современный вид короба, в котором реализована быстрая смена информации – это электронное табло «бегущая строка».</p><p class=\"ql-align-justify\">Существуют так же и другие, готовые решения лайтбоксов.</p><p class=\"ql-align-justify\"><br></p><p class=\"ql-align-justify\"><strong>По типу подсветки и её наличию:</strong></p><p class=\"ql-align-justify\"><br></p><p class=\"ql-align-justify\">• не световые короба;</p><p class=\"ql-align-justify\">• светодиодные объемно-плоскостные лайтбоксы;</p><p class=\"ql-align-justify\">• лайтбоксы с люминисцентной подсветкой;</p><p class=\"ql-align-justify\">• электронные табло из LED-элементов.</p><p class=\"ql-align-justify\"><br></p><p class=\"ql-align-justify\">Лайтбокс – это один из самых распространённых видов рекламы!</p><p class=\"ql-align-justify\">В рекламной компании «Тон-сервис» г. Гродно, ул. Октябрьская, 4 можно заказать изготовление светового короба любого формата и сложности. Возможно срочное исполнение заказа. Достойный результат, приятные цены и отличный сервис гарантированы каждому клиенту. Тел. <span style=\"color: rgb(51, 51, 51);\">8(0152) 68-03-90, 8(033) 361-00-11, 8(029) 78-000-23.</span></p><p class=\"ql-align-justify\"><br></p><p class=\"ql-align-justify\"><strong>Преимущества световых коробов как средства наружной рекламы.</strong></p><p class=\"ql-align-justify\"><br></p><p class=\"ql-align-justify\">Хорошая реклама должна быть заметной. Идеальная реклама должна быть заметной всегда. Это и есть самое важное преимущество световых коробов: они успешно рекламируют бренд в вечернее и даже ночное время. Вот почему данное средство наружной рекламы выбирают заведения, работающие в послеобеденное и ночное время – рестораны, торговые центры, развлекательные заведения, игорные клубы и т.д.</p><p class=\"ql-align-justify\">К другим достоинствам световых коробов можно отнести:</p><ul><li class=\"ql-align-justify\">долговечность: будучи изготовленными из прочных материалов, световые короба служат долго и не теряют презентабельный вид из-за атмосферных явлений.</li><li class=\"ql-align-justify\">простота в уходе и обслуживании: световой короб легко очистить от загрязнений, в замене люминесцентных ламп или светодиодов для нас&nbsp;нет ничего сложного.</li><li class=\"ql-align-justify\">экономичность: Вам не нужно каждый раз заказывать изготовление нового лайтбокса – достаточно просто менять постеры, печать которых обходится значительно дешевле вывесок.</li></ul><p class=\"ql-align-justify\"><br></p><p class=\"ql-align-justify\">В рекламной компании «Тон-сервис»&nbsp;г. Гродно,&nbsp;ул. Октябрьская, 4 можно заказать изготовление светового короба любого формата и сложности. Возможно срочное исполнение заказа. Достойный результат, приятные цены и отличный сервис гарантированы каждому клиенту.&nbsp;&nbsp;Тел. <span style=\"color: rgb(51, 51, 51);\">8(0152) 68-03-90, 8(033) 361-00-11, 8(029) 78-000-23.</span></p>'),(32,20,'Бегущая строка (Электронные табло)',NULL,NULL,NULL,_binary '\0',3,'<p class=\"ql-align-justify\"><strong style=\"color: rgb(51, 51, 51);\"> Электронное табло «Бегущая строка»</strong><span style=\"color: rgb(51, 51, 51);\">&nbsp;— универсальный рекламный носитель из светодиодных модулей, позволяющий моментально менять транслируемую рекламу, варьировать текстовые обращения и эффекты. </span></p><p class=\"ql-align-justify\"><br></p><p class=\"ql-align-justify\"><span style=\"color: rgb(51, 51, 51);\">&nbsp;Бегущие строки (LED running line) – светодиодные табло различных типоразмеров, своего рода трансформер. За счёт применения во время сборки исходных модулей размером 32х16 см, можно собрать светодиодное табло нужного размера. Таким образом, электронное табло по протяжённости наращивается с шагом + 32 см, а в высоту +16 см.</span></p><p class=\"ql-align-justify\"><br></p><p class=\"ql-align-justify\"><span style=\"color: rgb(51, 51, 51);\">&nbsp;СОДО «Тон-сервис», Гродно, ул. Октябрьская, 4, предлагает Вашему вниманию электронные светодиодные табло наиболее&nbsp;популярных модификаций. Оптимальными по соотношению цена-качество являются красные бегущие строки в тонком корпусе из прочного композитного материала. Кроме монохромных (одноцветные — 256 оттенков цвета: красного, зелёного, белого, жёлтого и синего свечения), возможны и полноцветные «бегущие строки» (RGB — до 16 млн. цветов).</span></p><p class=\"ql-align-justify\"><br></p><p class=\"ql-align-justify\"><strong style=\"color: rgb(51, 51, 51);\">Бегущие строки:</strong></p><p class=\"ql-align-justify ql-indent-1\"><span style=\"color: rgb(51, 51, 51);\">• подходят для использования на улице, в интерьере, на транспорте,</span></p><p class=\"ql-align-justify ql-indent-1\"><span style=\"color: rgb(51, 51, 51);\">• могут быть односторонними и двусторонними.</span></p><p class=\"ql-align-justify\"><span style=\"color: rgb(51, 51, 51);\">Современные технологии и возможности «Тон-сервис» позволяют создать яркую и привлекательную динамичную рекламу — LED-панель.</span></p><p class=\"ql-align-justify\"><br></p><p class=\"ql-align-justify\"><strong style=\"color: rgb(51, 51, 51);\">БЕГУЩИЕ СТРОКИ (LED-экраны)</strong></p><p class=\"ql-align-justify\"><br></p><p class=\"ql-align-justify\"><strong style=\"color: rgb(51, 51, 51);\">Плюсы применения:</strong></p><p class=\"ql-align-justify ql-indent-1\"><span style=\"color: rgb(51, 51, 51);\">• Простота восприятия, яркое и четкое изображение, неограниченное количество информации. Привлекает на 50% больше внимания в сравнении со статичной рекламой.</span></p><p class=\"ql-align-justify ql-indent-1\"><span style=\"color: rgb(51, 51, 51);\">• Десятки спецэффектов и выбор цвета.</span></p><p class=\"ql-align-justify ql-indent-1\"><span style=\"color: rgb(51, 51, 51);\">• Такая реклама работает на 100% в любое время суток.&nbsp;</span></p><p class=\"ql-align-justify ql-indent-1\"><span style=\"color: rgb(51, 51, 51);\">• Оперативность и простота смены информации. Контент на экран может подаваться как по кабелю, так и по беспроводным сетям Wi-Fi. Настроить бегущую строку можно через приложение в телефоне. Наличие дополнительных функций трансляции: времени, температуры, влажности.</span></p><p class=\"ql-align-justify ql-indent-1\"><span style=\"color: rgb(51, 51, 51);\">• Стойкость против атмосферных осадков и УФ-излучения.</span></p><p class=\"ql-align-justify ql-indent-1\"><span style=\"color: rgb(51, 51, 51);\">• LED-экраны играют роль архитектурной подсветки, подчеркивая внешние достоинства зданий.</span></p><p class=\"ql-align-justify ql-indent-1\"><span style=\"color: rgb(51, 51, 51);\">• Экономичность и экологичность, пожаро- и электробезопасность. Светодиодные модули практически не выделяют тепло.</span></p><p class=\"ql-align-justify ql-indent-1\"><span style=\"color: rgb(51, 51, 51);\">• Долговечность. Ресурс работы LED-элементов очень большой, поэтому срок службы многократно выше многих видов наружной рекламы.</span></p><p class=\"ql-align-justify ql-indent-1\"><span style=\"color: rgb(51, 51, 51);\">• Легкость установки, технического обслуживания и демонтажа.</span></p><p class=\"ql-align-justify ql-indent-1\"><span style=\"color: rgb(51, 51, 51);\">•&nbsp;Самый современный способ применения LED-технологий в рекламе – огромный светодиодный медиафасад, используемый для трансляции рекламно-информационного контента на фасаде здания. Гибкие светодиодные экраны позволяют превратить в медийную практически любую поверхность. Прочие варианты: светодиодное табло обмена валют, табло АЗС, аптечные кресты, цифровой билборд, экраны для конференц-залов.</span></p><p class=\"ql-align-justify\"><br></p><p class=\"ql-align-justify\"><span style=\"color: rgb(51, 51, 51);\">&nbsp;Мы работаем с надежными производителями электронной и электротехнической продукции, осуществляем оперативную помощь и обслуживание. Специалисты СОДО «Тон-сервис» произведут сборку светодиодной продукции, смонтируют электронные табло на фасаде здания либо в помещении, проведут пусконаладочные работы. Мы предлагаем электронные табло для разных целей, подбирая комплектацию в зависимости от назначения и выделяемого на проект бюджета.</span></p><p class=\"ql-align-justify\"><br></p><p class=\"ql-align-justify\"><span style=\"color: rgb(51, 51, 51);\">&nbsp;Бегущая строка – динамичный, яркий, броский и привлекающий внимание формат наружной либо интерьерной рекламы! СОДО «Тон-сервис», ул. Октябрьская, 4. </span>Тел. <span style=\"color: rgb(51, 51, 51);\">8(0152) 68-03-90, 8(033) 361-00-11, 8(029) 78-000-23.</span></p>'),(33,20,'Кронштейны',NULL,NULL,NULL,_binary '\0',4,'<p class=\"ql-align-justify\"><strong> Кронштейн</strong>&nbsp;– техническое средство, используемое для размещения рекламы, закрепляемое консольно на поверхности здания или отдельно стоящей опоре. Кронштейн – это небольшая вывеска, которая крепится лишь одной своей стороной перпендикулярно к зданию или опоре и имеет две рекламные поверхности.&nbsp;В торговых центрах панель-кронштейны нередко&nbsp;монтируют к потолку.</p><p class=\"ql-align-justify\"><br></p><p class=\"ql-align-justify\">Кронштейн может быть как самостоятельным, так и дополнительным элементом комплексного оформления фасада. Стилистически консольная вывеска должна соответствовать графическому решению основной вывески.</p><p class=\"ql-align-justify\"><br></p><p class=\"ql-align-justify\">&nbsp;Производство кронштейнов отличается от стандартных световых коробов, так как в связи с повышенной ветровой нагрузкой приходится использовать более прочные материалы. Использование двух рекламных поверхностей ограничивает минимальную толщину панели, для равномерности внутренней подсветки. Главное же отличие – в торцевом креплении.</p><p class=\"ql-align-justify\"><br></p><p class=\"ql-align-justify\"><strong>Достоинства панель-кронштейна:</strong></p><p class=\"ql-align-justify\"><br></p><p>— две рекламные плоскости кронштейна воздействуют на оба потока автомобилей и пешеходов,</p><p>— изображение видно с противоположных сторон,</p><p>— панель-кронштейн&nbsp;играет роль указателя, помогающего потенциальным клиентам найти компанию.</p><p>— можно размещать в любом районе: на мостах, в парках, повторяющимися блоками в имиджевой рекламе, эффективно воздействуя на целевую аудиторию. Для безопасности, высота размещения кронштейна не менее 3,5 м.</p><p><br></p><p class=\"ql-align-justify\"><strong>Виды панель-кронштейнов:</strong></p><p class=\"ql-align-justify\"><br></p><p class=\"ql-align-justify ql-indent-1\">• панель-кронштейны могут иметь одну, две или три рекламные поверхности;</p><p class=\"ql-align-justify ql-indent-1\">• световые и без подсветки;</p><p class=\"ql-align-justify ql-indent-1\">• стандартные и нестандартные.</p><p class=\"ql-align-justify\"><br></p><p class=\"ql-align-justify\"><u>Стандартный кронштейн</u>&nbsp;– двусторонний световой короб с рекламными полями 1,2 х 1,8 м. Кронштейн на остановках транспорта – световой плафон на опорах городского освещения с рекламным полем 0,6 х 0,9м с размещением в нижней части расписания общественного транспорта. Кронштейн в исторической части города не должен превышать размеры 0,7 х 0,7 м.</p><p class=\"ql-align-justify\">Изготовление стандартного панель-кронштейна аналогично изготовлению светового короба.</p><p class=\"ql-align-justify\">Используются современные материалы: металлическая конструкция, поликарбонат, акриловое стекло, пластик ПВХ, ПВХ пленка, баннерная ткань, светодиоды. Основные крепежные элементы панель-кронштейна – это металлические держатели (кронштейны). Если панель-кронштейн крепится к столбу, то для этого используют специальные хомуты.</p><p class=\"ql-align-justify\"><br></p><p class=\"ql-align-justify\"><u>Нестандартные панель-кронштейны</u>&nbsp;имеют сложную форму, могут огибать опорный столб со всех сторон, повторять форму логотипа компании. Кронштейн можно инкрустировать объемными световыми буквами. В историческом центре Гродно красиво смотрятся кронштейны с элементами ковки.</p><p class=\"ql-align-justify\"><br></p><p class=\"ql-align-justify\">Компания Тон-Сервис предлагает свои услуги по изготовлению качественных рекламных кронштейнов с красивым дизайном.</p><p class=\"ql-align-justify\">Обращайтесь! СОДО «Тон-сервис», Гродно, ул. Октябрьская, 4. Тел. <span style=\"color: rgb(51, 51, 51);\">8(0152) 68-03-90, 8(033) 361-00-11, 8(029) 78-000-23.</span></p>'),(34,20,'Оформление витрин',NULL,NULL,NULL,_binary '\0',5,'<p class=\"ql-align-justify\">Красочно, неповторимо и коммерчески эффективно&nbsp;оформить витрины в Гродно Вы можете в СОДО «Тон-сервис», ул. Октябрьская, 4.&nbsp;Контактные телефоны:&nbsp;Тел. <span style=\"color: rgb(51, 51, 51);\">8(0152) 68-03-90, 8(033) 361-00-11, 8(029) 78-000-23</span>.</p><p class=\"ql-align-justify\"><br></p><p class=\"ql-align-justify\">&nbsp;Продуманное до мелочей оформление витрин, выступает частью рекламной стратегии, цель которой – повышение продаж. Специалисты «Тон-сервис» помогут оформить витрины, создать привлекательный интерьер, стимулирующий покупки.</p><p class=\"ql-align-justify\">Рекламное оформление витрины магазина – ответственная задача, важнейшим аспектом которой является дизайнерский макет! Специалисты «Тон-сервис» помогут увязать дизайн витрин с фирменным стилем бренда, качественно реализовать проект и производить регулярную смену композиции. Ваша витрина должна работать!</p><p class=\"ql-align-justify\"><br></p><p class=\"ql-align-justify\">Немаловажный плюс этого вида рекламы – за некоторыми ограничениями, оформление витрин не требует регистрации.</p><p class=\"ql-align-justify\"><br></p><p><strong>Оформление витрин состоит из этапов:</strong></p><p><br></p><p>• Создание профессионального дизайн-проекта;</p><p>• Производство рекламных материалов для всех функциональных зон места продаж.</p><p><br></p><p class=\"ql-align-justify\">ОФОРМЛЕНИЕ ВИТРИН – ЧАСТЬ ЦЕЛОСТНОГО ОФОРМЛЕНИЯ ТОРГОВОГО ОБЪЕКТА, ВКЛЮЧАЯ ВСЕ ПЯТЬ ЗОН ПРОДАЖ:</p><p class=\"ql-align-justify\"><br></p><p class=\"ql-align-justify\"><strong><u>1</u><em><u>.&nbsp;</u></em></strong><u>Внешняя зона</u>&nbsp;– это области сопровождения клиента к торговому объекту.</p><p class=\"ql-align-justify\">Сюда можно отнести витрины фасада, реклама на парковке, сити-формат (ситилайт короба). Важно, мы используем материалы и полноцветную печать, стойкие к атмосферным воздействиям.</p><p class=\"ql-align-justify\"><br></p><p class=\"ql-align-justify\"><strong><u>2.&nbsp;</u></strong><u>Оформление витрин входной группы</u></p><p class=\"ql-align-justify\"><br></p><p class=\"ql-align-justify\"><strong>Самые популярные способы оформления витрин у клиентов «Тон-сервис»</strong></p><p class=\"ql-align-justify\"><br></p><p class=\"ql-align-justify\">• Нанесение пленки на поверхность стекла витрин:</p><p class=\"ql-indent-1 ql-align-justify\">- оклейка витрин глухой пленкой с фотопечатью,</p><p class=\"ql-indent-1 ql-align-justify\">- оклейка витрин перфорированной пленкой с полноцветной печатью. Снаружи вы сможете видеть рекламное изображение, изнутри – улицу. Эта пленка сохраняет освещенность помещения,</p><p class=\"ql-indent-1 ql-align-justify\">- оклейка витрин монохромной пленкой после плоттерной резки,</p><p class=\"ql-indent-1 ql-align-justify\">- оклейка витрин тонировочными пленками. Наша компания имеет многолетний опыт работы с тонировочными пленками и успешно применяет их в оформлении витрин.</p><p class=\"ql-align-justify\">• Баннерные сетки;</p><p class=\"ql-align-justify\">• Наклейки и планшеты с информацией о режиме работы;</p><p class=\"ql-align-justify\">• Тонкие световые панели (фреймлайты и кристалайты) и короба, размещаемые за плоскостью витражного или оконного остекления;</p><p class=\"ql-align-justify\">• Вывески из плоских и объемных, возможно световых букв без фона;</p><p class=\"ql-align-justify\">• Акционные постеры;</p><p class=\"ql-align-justify\">• Сложные экспозиции внутри витрины.</p><p class=\"ql-align-justify\"><br></p><p class=\"ql-align-justify\">&nbsp;Представление товара в красивой витрине не ограничивается его простой выкладкой, а дополняется декором: манекенами, подиумами, мебелью, искусственными цветами, геометрическими формами, ценниками. Сюжетные витрины обыгрывают оригинальную идею, посвященную, например, рождественским праздникам, смене сезонов природы, сценкам из жизни и т. д. Такие витрины очень эффективны.</p><p class=\"ql-align-justify\"><br></p><p class=\"ql-align-justify\"><strong><u>3.&nbsp;</u></strong><u>Витрины торгового зала продаж</u></p><p class=\"ql-align-justify\"><br></p><p class=\"ql-align-justify\">В оформлении мы применяем:</p><p class=\"ql-align-justify\">• Световые панно;</p><p class=\"ql-align-justify\">• Ростовые фигуры;</p><p class=\"ql-align-justify\">• Подвесные плакаты (мобайлы);</p><p class=\"ql-align-justify\">• Навигационные планшеты и пр.</p><p class=\"ql-align-justify\">Всё это помогает познакомить покупателя с товаром, вызвать интерес к продукту.</p><p class=\"ql-align-justify\"><br></p><p><strong><u>4.&nbsp;</u></strong><u>Места непосредственного размещения товара</u></p><p><br></p><p class=\"ql-align-justify\">• Стойки с ярким изображением;</p><p class=\"ql-align-justify\">• Стикеры;</p><p class=\"ql-align-justify\">• Воблеры;</p><p class=\"ql-align-justify\">• Флаги.</p><p class=\"ql-align-justify\">Цель – характеризовать товар и выгоду от его покупки.</p><p class=\"ql-align-justify\"><br></p><p class=\"ql-align-justify\"><strong><u>5.&nbsp;</u></strong><u>Зона касс</u></p><p class=\"ql-align-justify\"><br></p><p class=\"ql-align-justify\">В кассовой зоне часто имеются небольшие витрины, которые используют для стимуляции спонтанных покупок с помощью:</p><p class=\"ql-align-justify\">• воблеров, стикеров, флаеров (рекламная листовка), визитниц.</p><p class=\"ql-align-justify\"><br></p><p class=\"ql-align-justify\"><strong>Наши опытные дизайнеры разработают для вас уникальную концепцию рекламного оформления витрин, которые:</strong></p><p class=\"ql-align-justify\"><br></p><ul><li>располагают, приглашают зайти внутрь, создавая заинтересованность и хорошее настроение,</li><li>стимулируют к покупкам,</li><li>повышают узнаваемость бренда,</li><li>выделяют компанию среди конкурентов.</li></ul><p><br></p><p class=\"ql-align-justify\">&nbsp;Если у вас есть готовый макет оформления витрины, то для расчета стоимости его реализации достаточно просто отправить запрос на нашу электронную почту. Мы можем предоставить несколько вариантов изготовления конструкций на выбор.</p><p class=\"ql-align-justify\"><br></p><p class=\"ql-align-justify\">&nbsp;Вы будете довольны полученным результатом, который достигается нашим опытом работы талантливых скрупулезных и ответственных специалистов, применением современного оборудования и качественных расходных материалов. Нюансы&nbsp;данной услуги в СОДО «Тон-сервис» г. Гродно, ул. Октябрьская, 4&nbsp;Вы можете узнать у наших менеджеров по&nbsp;телефонам:&nbsp;Тел. <span style=\"color: rgb(51, 51, 51);\">8(0152) 68-03-90, 8(033) 361-00-11, 8(029) 78-000-23</span>.</p>'),(35,20,'Штендеры, пилоны, указатели',NULL,NULL,NULL,_binary '\0',6,'<p class=\"ql-align-justify\"><strong>Отдельно стоящие рекламные конструкции</strong> – часть навигационной системы, помогающая найти&nbsp;торговый объект и легко в нем ориентироваться. Специалисты «Тон-сервис» помогут с выбором и&nbsp;дизайном отдельно стоящей конструкции.&nbsp;</p><p class=\"ql-align-justify\"><br></p><p class=\"ql-align-justify\"><strong>ВИДЫ ОТДЕЛЬНОСТОЯЩИХ РЕКЛАМНЫХ КОНСТРУКЦИЙ</strong></p><p class=\"ql-align-justify\"><br></p><p class=\"ql-align-justify\"><strong>• Штендер</strong>&nbsp;– это мобильная (переносная) рекламная стойка небольших размеров, которая устанавливается на улице в непосредственной близости от компании и играет роль указателя. Рекламный штендер известен под названиями: раскладушка, плакатница, выносной стенд, street-line. Классический штендер имеет две противоположно направленные рекламные поверхности в форме арки или прямоугольника.</p><p class=\"ql-align-justify\"><br></p><p class=\"ql-align-justify\"><em>&nbsp;Использование штендеров</em></p><p class=\"ql-align-justify\"><br></p><p class=\"ql-align-justify\">Штендер очень популярен и считается одним из дешевых, но эффективных рекламных средств. Его легко переносить с места на место и убирать. Обычно мы изготавливаем штендер с соблюдением фирменного стиля, чтобы он ассоциировался с вашей компанией. Штендер используется не только снаружи офисов и магазинов, но и во время выездной торговли, внутри торговых залов.</p><p class=\"ql-align-justify\"><br></p><p class=\"ql-align-justify\"><em>&nbsp;Варианты штендеров:</em></p><p class=\"ql-align-justify\"><br></p><p class=\"ql-align-justify\">– прямоугольные штендеры (рекламное поле 1,1х0,6 м),</p><p class=\"ql-align-justify\">– арочные штендеры (рекламное поле 1,2х0,6 м),</p><p class=\"ql-align-justify\">– штендеры-стойки,</p><p class=\"ql-align-justify\">– штендеры со сменной информацией (с карманами, с плакатом, «обмен валюты», с магнитной основой),</p><p class=\"ql-align-justify\">– меловые штендеры для кафе, ресторанов и магазинов,</p><p class=\"ql-align-justify\">– нестандартные штендеры.</p><p class=\"ql-align-justify\"><br></p><p class=\"ql-align-justify\"><em>&nbsp;Штендеры изготавливают</em>&nbsp;из современных материалов с основой из металлической трубчатой рамы. В качестве основы для рекламного поля может выступать оцинкованный металл, пластик, сотовый поликарбонат, композит. Все эти материалы отличаются как по цене, так и по качеству. Рекламное изображение печатают на виниловой пленке и ламинируют. Ламинация защитит от воздействия внешних факторов: атмосферных осадков, реагентов, солнечного света и легких механических воздействий. С помощью троса можно прикрепить штендер за любую стационарную конструкцию (фонарный столб, забор и т.д.).</p><p class=\"ql-align-justify\">Запрещается установка и эксплуатация штендеров, мешающих проходу пешеходов, при ширине тротуара менее 3 м, а также ориентированных на восприятие с проезжей части.</p><p class=\"ql-align-justify\"><br></p><p class=\"ql-align-justify\"><strong>• Ростовая фигура и хардпостер</strong>&nbsp;– это рекламные конструкции, состоящие из полноцветного изображения, которое наклеено на жесткое основание и имеет с тыльной стороны поддерживающую ножку. Ростовая фигура может быть размером в человеческий рост, представлять собой фигуру человека, персонажа фильма. Хардпостер иметь форму товара, т. е. любого неодушевленного предмета. Их размещают в местах продаж, в витрине, внутри или снаружи помещения магазинов, кинотеатров, баров, аптек для привлечения внимания.</p><p class=\"ql-align-justify\"><br></p><p class=\"ql-align-justify\"><strong>• Роллап стенд (Roll up), информационная стойка</strong>&nbsp;– это недорогие, очень эффективные виды рекламных конструкций. Обычно на стойках размещают рекламно-информационные материалы. Преимущества – это легкая сборка, компактные габариты, простота транспортировки, долгий срок эксплуатации. Рекламную стойку можно разместить в непосредственной близости от витрины, консультанта или кассы.</p><p class=\"ql-align-justify\"><br></p><p class=\"ql-align-justify\"><strong>• Пилон</strong>&nbsp;– техническое средство, используемое для размещения наружной рекламы, закрепляемое на земельном участке и имеющее два рекламных поля плоской формы. Это меньшая, чем стела отдельно стоящая конструкция. Можно сказать, пилон – это стела в миниатюре (обычно до 6 м), яркая и заметная, она позволяет отлично информировать прохожих и проезжающих мимо автомобилистов об объекте рекламы. Пилоны более экономичны, чем стелы.</p><p class=\"ql-align-justify\"><br></p><p class=\"ql-align-justify\"><strong>• Стела</strong>&nbsp;– это отдельно стоящая вертикальная конструкция, располагающаяся, как правило, на территории крупных торговых центров, автосалонов, заправочных станций, магазинов, на въезде в город и имеющая ряд конструкционных особенностей. Заглубление информационной стелы не превышает 50 см. Её размещают на земельном участке, прилегающем к зданию, которое находится в собственности заявителя (собственника информационной стелы). Земельный участок, на котором располагается информационная стела, должен находиться в собственности заявителя либо на правах долгосрочной аренды у города. Рекламная стела – это конструкция, отличающаяся большим заглублением, большими размерами, и наличием сразу нескольких рекламных мест, которые обычно выполняются в виде световых коробов, закрепленных на мачте стелы, либо объемных букв на композитной подложке. Согласование рекламной стелы, отличается большей сложностью, большим объемом работы.</p><p class=\"ql-align-justify\"><br></p><p class=\"ql-align-justify\"><strong>• Сити-форматы</strong>&nbsp;– это общее название компактных, отдельно стоящих конструкций, включая:</p><p class=\"ql-align-justify\">— Ситилайт – это световой короб, как правило, двусторонний и выполненный в формате 1,2х1,8 м.</p><p class=\"ql-align-justify\">— Пилларс (pillar колонна, столб) – это отдельно стоящая конструкция с двумя или тремя рекламными полями, размером каждого1,4х2,8 м, как правило, имеющая внутреннюю подсветку.</p><p class=\"ql-align-justify\">Конструкция, выдержанная в размере сити-формата, но с движущимися внутри постерами, называется скроллер.</p><p class=\"ql-align-justify\"><br></p><p class=\"ql-align-justify\"><strong>• Рекламный тотем</strong>&nbsp;– это вертикальная конструкция в форме столба, по аналогии с тотемным столбом. Используется внутри торговых залов и офисов. Тотемы, как правило, легкие и мобильные, имеют несколько рекламных полей, информативны и привлекательны со всех сторон.</p><p class=\"ql-align-justify\"><br></p><p class=\"ql-align-justify\"><strong>• Флаговая рекламная конструкция</strong>&nbsp;– техническое средство, предназначенное для размещения наружной рекламы, закрепляемое на земельном участке, поверхности здания или отдельно стоящей опоре и имеющее рекламное поле в виде полотнищ, прикрепленных к флагштоку.</p><p class=\"ql-align-justify\"><br></p><p class=\"ql-align-justify\"><strong>• Рекламная арка</strong>&nbsp;– рекламоноситель, расположенный непосредственно над проезжей частью дороги. Арка может располагаться в виде отдельно стоящей и совмещенной конструкции. Въездные арки имеют внутренний габариты порядка 5х6 м.</p><p class=\"ql-align-justify\"><br></p><p class=\"ql-align-justify\">&nbsp;Вы можете обратиться к нам в Гродно, «Тон-сервис», ул. Октябрьская, 4 по телефонам: Тел. <span style=\"color: rgb(51, 51, 51);\">8(0152) 68-03-90, 8(033) 361-00-11, 8(029) 78-000-23</span> или заполнить форму онлайн-заявки. Профессионально выполненная рекламная конструкция&nbsp;от «Тон-Сервис»&nbsp;–&nbsp;это еще один хороший способ заявить о себе!</p>'),(36,20,'Крышные конструкции',NULL,NULL,NULL,_binary '\0',7,'<p class=\"ql-align-justify\"><strong> Крышные конструкции</strong>&nbsp;– это объемные световые буквы, которые установлены на крыше здания на несущей металлической конструкции. Такой вид наружной рекламы является частью облика крупной компании или торгового объекта. Крышные установки отличаются значительными габаритами и особенностями монтажа. Крышная реклама состоит, как правило, из объемных элементов (название компании, её логотип, информация о виде деятельности). Большие буквы могут быть световые и несветовые (оснащаются софитами).</p><p class=\"ql-align-justify\"><br></p><p class=\"ql-align-justify\"><strong>Процесс изготовления</strong></p><p class=\"ql-align-justify\"><br></p><p class=\"ql-align-justify\">&nbsp;Проект несущей основы учитывает устойчивость конструкции и прочность к ветровым нагрузкам, весовые и размерные показатели, электротехническое обеспечение. Готовые объемные элементы рекламы устанавливаются на окрашенный металлический каркас. Сборка элементов каркаса в единую установку выполняется болтовыми соединениями или методом электродуговой сварки. Для установки каркаса используются бетонные пригрузы или металлические закладные. Способ монтажа крышной рекламной конструкции определяется несущими способностями кровли, высотностью здания и проч.</p><p class=\"ql-align-justify\"><br></p><p class=\"ql-align-justify\"><strong>Компания «Тон-сервис» предлагает крышные буквы из пластика с лицевой подсветкой:</strong></p><p class=\"ql-align-justify\"><br></p><p class=\"ql-align-justify\">&nbsp;Это объемные световые буквы высотой&nbsp;до 3 метров&nbsp;при максимальной ширине 2 метра. В их производстве используется светорассеивающиий акрил, вспененный листовой ПВХ, металлокомпозит, внутренняя светодиодная подсветка, металлический каркас. Дизайнерский проект подготовят специалисты Тон-сервис.</p><p class=\"ql-align-justify\"><br></p><p class=\"ql-align-justify\"><strong>&nbsp;Наши, сравнительно не дорогие, крышные конструкции отличаются надежностью, яркостью свечения и долговечностью.</strong></p><p class=\"ql-align-justify\">&nbsp;Более дорогостоящий вариант – объемные буквы огромных размеров из алюминия с открытой светодиодной подсветкой.</p><p class=\"ql-align-justify\"><br></p><p class=\"ql-align-justify\">&nbsp;В компании «Тон-сервис» Вам подготовят достойный дизайн-проект крышной рекламы и помогут оптимизировать расходы на производство работ. Обращайтесь, г. Гродно, ул. Октябрьская, 4. Тел. <span style=\"color: rgb(51, 51, 51);\">8(0152) 68-03-90, 8(033) 361-00-11, 8(029) 78-000-23</span>.</p>'),(37,20,'Адресные таблички (Аншлаги)',NULL,NULL,NULL,_binary '\0',8,'<p class=\"ql-align-justify\"><strong> Аншлаг (домовой знак)</strong>&nbsp;– табличка на здании с указанием названия улицы, номера дома. Это распространенный вид уличной информации, помогающий нам ориентироваться в городской среде в любое время суток. Указатели с номером дома, названием улицы, нумерацией подъездов – вся эта адресная навигация необходима в каждом населенном пункте.</p><h5 class=\"ql-align-justify\"><br></h5><p class=\"ql-align-justify\">Существуют различия в видах, вариантах исполнения и размерах адресной таблички.</p><p class=\"ql-align-justify\"><br></p><p class=\"ql-align-justify\"><strong>ВИДЫ ДОМОВЫХ ЗНАКОВ</strong></p><p class=\"ql-align-justify\"><br></p><p class=\"ql-align-justify\"><em>По типу исполнения:</em></p><p class=\"ql-align-justify\"><br></p><p>• Тонкий домовой знак, толщиной 3-4 мм (ПВХ, оцинкованное железо, металлокомпозит);</p><p>• Аншлаг объемный (сэндвич-панели ПВХ 24 мм);</p><p>• Домовой знак из оргстекла на дистанционных держателях;</p><p>• Аншлаг гос. образца 70х90 см для многоэтажных жилых домов (оцинкованное железо);</p><p>• Аншлаг по индивидуальному дизайну, например, ретро, винтажные, художественные, рельефные таблички (комбинация различных материалов и технологий);</p><p><br></p><p><em>По форме:</em></p><p><br></p><p class=\"ql-align-justify\">• Прямоугольной формы;</p><p class=\"ql-align-justify\">• Фигурный аншлаг сложной формы;</p><p class=\"ql-align-justify\"><br></p><p class=\"ql-align-justify\"><em>По наличию подсветки и её типу:</em></p><p class=\"ql-align-justify\"><br></p><p class=\"ql-align-justify\">• Не световая табличка на дом;</p><p class=\"ql-align-justify\">• Световой аншлаг (внутренняя светодиодная подсветка).</p><p class=\"ql-align-justify\"><br></p><p class=\"ql-align-justify\">На фасадах жилых зданий домов в соответствии с проектом, утвержденным городской или районной архитектурной службой, размещаются указатели наименования улицы, переулка, площади и пр. На вновь построенных зданиях и строениях домовые указатели должны быть установлены до предъявления объекта к приемке в эксплуатацию. Таблички с указанием номеров подъездов, а также номеров квартир, расположенных в данном подъезде, вывешивают у входа в подъезд, однотипно для каждого дома, микрорайона.</p><p class=\"ql-align-justify\"><br></p><p class=\"ql-align-justify\">&nbsp;<strong>Адресные знаки,&nbsp;изготовленные «Тон-сервис», отличаются качеством, долговечностью, разнообразием цветов и материалов, а также хорошим стилем.</strong></p><p class=\"ql-align-justify\"><br></p><p class=\"ql-align-justify\">Типовые домовые знаки мы можем изготовить в день заказа. Обращайтесь, г. Гродно, ул. Октябрьская, 4. Тел. <span style=\"color: rgb(51, 51, 51);\">8(0152) 68-03-90, 8(033) 361-00-11, 8(029) 78-000-23</span>. Ваш домовой знак будет надежным указателем многие годы!</p><p class=\"ql-align-justify\"><br></p>'),(38,21,'Интерьерные вывески',NULL,NULL,NULL,_binary '\0',1,'<p class=\"ql-align-justify\"><strong> Интерьерная вывеска</strong>&nbsp;– эффективный рекламно-информационный носитель, украшающий внутреннее пространство помещений. Оригинальная интерьерная вывеска демонстрирует солидность компании, сообщает наименование организации, знакомит с её логотипом и стилем.</p><p class=\"ql-align-justify\"><br></p><p class=\"ql-align-justify\">Яркие и привлекающие внимание вывески выполняют важные для бизнеса задачи:</p><p class=\"ql-align-justify\"><br></p><p class=\"ql-align-justify\">• информируют покупателей;</p><p class=\"ql-align-justify\">• рекламируют Вашу компанию;</p><p class=\"ql-align-justify\">• побуждают совершить покупки.</p><p class=\"ql-align-justify\"><br></p><p class=\"ql-align-justify\">&nbsp;Специалисты «Тон-Сервис» успешно применяют на практике самые эффективные стратегии привлечения клиентов и разрабатывают оригинальные интерьерные вывески индивидуально под каждого заказчика.</p><p class=\"ql-align-justify\"><br></p><p class=\"ql-align-justify\">ВАРИАНТЫ РЕКЛАМНЫХ КОНСТРУКЦИЙ</p><p class=\"ql-align-justify\"><br></p><p class=\"ql-align-justify\">• Не световые буквы и логотипы, от плоскостных до объемных. В их изготовлении мы используем комбинации пластика, сэндвич-панелей, пленки, оргстекла, полистирола (HIPS) с зеркальной поверхностью, металлокомпозита, дерева и др. материалов;</p><p class=\"ql-align-justify\">• Световые объемные буквы;</p><p class=\"ql-align-justify\">• Короба с внутренней светодиодной подсветкой и без подсветки;</p><p class=\"ql-align-justify\">• Тонкие вывески из оргстекла (Акрилайт Akrilight) с торцевой подсветкой края, и свечением выгравированного лазером текста;</p><p class=\"ql-align-justify\">• Электронные табло из LED-элементов;</p><p class=\"ql-align-justify\">• Прочие варианты.</p><p class=\"ql-align-justify\"><br></p><p class=\"ql-align-justify\">&nbsp;Очень красиво смотрится совершенно новый тип рекламного оформления, так называемая&nbsp;<strong>«Живая реклама»</strong>. Она представляет собой панно из&nbsp;мерцающих&nbsp;зеркальных&nbsp;пайеток золотого, серебряного и других цветов. Сотни отражающих свет элементов притягивают внимание и радуют глаз. Может выступать как самостоятельным&nbsp;украшением, так и основой для размещения интерьерной вывески. Специалисты&nbsp;«Тон-Сервис» разработали&nbsp;собственные, доступные по цене,&nbsp;технологии изготовления \"Живой рекламы\" для наружных и интерьерных целей.&nbsp;</p><p class=\"ql-align-justify\"><br></p><p class=\"ql-align-justify\">ИНТЕРЬЕРНЫЕ ВЫВЕСКИ, ИЗГОТОВЛЕННЫЕ В «ТОН-СЕРВИС»</p><p class=\"ql-align-justify\"><br></p><p class=\"ql-align-justify\">• Вывески по индивидуальному дизайну.</p><p class=\"ql-align-justify\">• Рекламные конструкции высокого качества. Производство вывесок мы осуществляем на собственной базе полного цикла с соблюдением технологий и контролем качества на всех этапах работы.</p><p class=\"ql-align-justify\">• Гибкая ценовая политика. Вывеску можно «адаптировать» в разумных пределах под желаемую сумму Ваших затрат, маневрируя материалами и размером.</p><p class=\"ql-align-justify\">• Оперативный монтаж. Вы можете заказать монтаж в «Тон-Сервис» не только по Гродно.</p><p class=\"ql-align-justify\">• Продолжительный срок службы.</p><p class=\"ql-align-justify\">• Гарантийное обслуживание.</p><p class=\"ql-align-justify\"><br></p><p class=\"ql-align-justify\">Интерьерные вывески «Тон-сервис» будут работать на процветание Вашего бизнеса!</p><p class=\"ql-align-justify\"><br></p><p class=\"ql-align-justify\">Звоните! Реклама Гродно, «Тон-сервис», ул. Октябрьская, 4. Тел. <span style=\"color: rgb(51, 51, 51);\">8(0152) 68-03-90, 8(033) 361-00-11, 8(029) 78-000-23.</span></p>'),(39,21,'Таблички, указатели, навигация',NULL,NULL,NULL,_binary '\0',3,'<p class=\"ql-align-justify\">Сегодня у каждой компании есть возможность обозначить себя, украсив вход в свой офис красивой информативной табличкой. Офисные таблички являются лицом компании, создают о ней первое впечатление. Дизайн наших табличек начинается с низкой цены, и мы предлагаем варианты из разнообразных материалов на любой бюджет.</p><p class=\"ql-align-justify\"><br></p><p class=\"ql-align-justify\"><strong>&nbsp;Информационная табличка</strong>&nbsp;– табличка, используемая для размещения информации о наименовании организации, ее подразделения, ФИО сотрудника, режиме работы, имеющая площадь информационного поля не более одного кв. м. и закрепляемая на здании рядом с входом или на двери входа в здание, где осуществляет деятельность соответствующая организация. Информационные таблички могут быть дополнены надписями на стекле входной двери или витрины.</p><p class=\"ql-align-justify\">Наружная информационная табличка предназначена для доведения до сведения потребителя информации о продавце или исполнителе услуг. Информационные таблички не подлежат регистрации.</p><p class=\"ql-align-justify\">Каждое предприятие может обозначить себя одной или несколькими информационными табличками – по числу входов в здание. На табличке указывается следующая информация о предприятии:</p><p class=\"ql-align-justify\">— зарегистрированное (юридическое) наименование предприятия и его организационно — правовая форма;</p><p class=\"ql-align-justify\">— режим работы предприятия.</p><p class=\"ql-align-justify\"><br></p><p class=\"ql-align-justify\">Таблички у входа в здание производятся из различных материалов стойких к атмосферным воздействиям (пластики, металлокомпозит, дерево, алюминий, латунь и пр.) и декоративных элементов (дистанционные держатели, профили).</p><p class=\"ql-align-justify\"><br></p><p class=\"ql-align-justify\"><strong>Таблички, по цели использования, служат для:</strong></p><p class=\"ql-align-justify\"><br></p><p>• обозначения названия организации: административные учрежденческие доски (шильды);</p><p>• информирования о режиме работы организации;</p><p>• навигации по зданию, торговому центру (подвесные, напольные, настенные таблички);</p><p>• названия кабинета с должностью и ФИО (кабинетные таблички), нумерации;</p><p>• предупреждения, ограничения&nbsp;(план эвакуации, схема движения транспорта по территории, паспорт объекта, знаки безопасности).</p><p><br></p><p><strong>Таблички, по технологии изготовления:</strong></p><p><br></p><p class=\"ql-align-justify\">• таблички из пластика – традиционный бюджетный вариант;</p><p class=\"ql-align-justify\">Пластик покрывают фоновой пленкой. На плоттере вырезают самоклеящуюся пленку с дальнейшей аппликацией изображения на табличку. Либо наносят фотопечать высокого качества с ламинацией. Возможно использование пленки под благородный металл — золото или серебро.</p><p class=\"ql-align-justify\"><br></p><p class=\"ql-align-justify\">• таблички из металлокомпозита с аппликацией пленкой и/или лазерной гравировкой;</p><p class=\"ql-align-justify\">В результате гравировки, например текста, снимается верхний слой материала светлого (золотистого, серебристого) цвета, и текст приобретает черный цвет центрального слоя композита. Можно дополнить табличку плоттерной резкой из пленки и логотипом из оргстекла;</p><p class=\"ql-align-justify\"><br></p><p class=\"ql-align-justify\">• таблички из цветного и прозрачного оргстекла;</p><p class=\"ql-align-justify\">Изделия из акрилового стекла имеют презентабельный внешний вид. Используя оргстекло можно получать объемные изображения. А прозрачное оргстекло с полированными торцами можно красиво подсветить.</p><p class=\"ql-align-justify\"><br></p><p class=\"ql-align-justify\">• таблички на дистанционных держателях;</p><p class=\"ql-align-justify\"><br></p><p class=\"ql-align-justify\">• таблички комбинированные: с объёмными буквами и элементами, с использованием разнообразных материалов, с обрамлением из алюминиевого или пластикового профиля и пр.;</p><p class=\"ql-align-justify\"><br></p><p class=\"ql-align-justify\">• световые таблички;</p><p class=\"ql-align-justify\"><br></p><p class=\"ql-align-justify\">• таблички со сменной информацией;</p><p class=\"ql-align-justify\">Текст размещается за защитным стеклом. Возможна быстрая замена текстовой части таблички.</p><p class=\"ql-align-justify\"><br></p><p class=\"ql-align-justify\">&nbsp;В рекламной компании «Тон-сервис» Вы получите отличные идеи оформления табличек. Вам просто нужно выбрать лучшее. Профессиональное оборудование, на котором мы изготавливаем свою продукцию позволяет сделать изделия, отвечающие любому запросу. Возможно срочное исполнение заказа.</p><p class=\"ql-align-justify\">г. Гродно, ул. Октябрьская, 4. Тел. <span style=\"color: rgb(51, 51, 51);\">8(0152) 68-03-90, 8(033) 361-00-11, 8(029) 78-000-23.</span></p>'),(40,21,'Знаки безопасности',NULL,NULL,NULL,_binary '\0',4,NULL),(41,21,'Стенды, системы карманов',NULL,NULL,NULL,_binary '\0',2,'<p class=\"ql-align-justify\"><strong> Информационный стенд</strong>&nbsp;– это самый традиционный и простой способ донести полезную информацию деловым партнерам и потребителям. Ни один современный офис не обходится без стендов. Стенды давно перестали быть просто информационной доской. А при стильном дизайне и правильном размещении они могут послужить отличным рекламным инструментом. Наши дизайнеры предлагают отойти от типовых вариантов стенда к более оригинальным, поддерживающим стилистику и узнаваемость Вашей компании.</p><p class=\"ql-align-justify\"><br></p><p class=\"ql-align-justify\">&nbsp;Заказывая&nbsp;уголок потребителя, клиенты часто сталкиваются с дефицитом пространства в офисе. Возникает вопрос, как удобнее и компактнее разместить большое количество печатной информации и документов? Мы предложим Вам стенды, позволяющие выгодно зонировать пространство, состоящие из компактной системы карманов, световые или мобильные стенды, шторные системы.</p><p class=\"ql-align-justify\"><br></p><p class=\"ql-align-justify\"><strong>Варианты исполнения стендов :</strong></p><p class=\"ql-align-justify\"><br></p><p class=\"ql-align-justify\">• Информационные стенды из белого ПВХ пластика;</p><p class=\"ql-align-justify\">В типовом варианте основой выступает ПВХ 3 мм, с покрытием пленкой или без, с карманами из прозрачного ПВХ 0,75 мм или оргстекла 1,5мм. Например, стенд на шесть карманов А4, размером 80х90 см.</p><p class=\"ql-align-justify\"><br></p><p class=\"ql-align-justify\">• Информационные стенды из ПВХ пластика, покрытого пленкой с полноцветной фотопечатью и ламинацией. Эти стенды могут так же быть дополнены карманами разных форматов;</p><p class=\"ql-align-justify\"><br></p><p class=\"ql-align-justify\">• Информационные стенды с основой из металлокомпозита, оргстекла;</p><p class=\"ql-align-justify\"><br></p><p class=\"ql-align-justify\">• Информационные стенды с системой карманов;</p><p class=\"ql-align-justify\">Так называемая «вертушка карманов» позволяет компактно объединить 5-10 файлов и сэкономить место под стенд.</p><p class=\"ql-align-justify\"><br></p><p class=\"ql-align-justify\">• Информационные стенды с объемными карманами;</p><p class=\"ql-align-justify\"><br></p><p class=\"ql-align-justify\">• Специализированные стенды:</p><p class=\"ql-align-justify\"><br></p><p class=\"ql-indent-1 ql-align-justify\">— доски почёта – действенный способ мотивации персонала, и своеобразным знак качества, демонстрирующий партнерам и клиентам высокий уровень работы организации.</p><p class=\"ql-indent-1 ql-align-justify\"><br></p><p class=\"ql-indent-1 ql-align-justify\">— магнитные стенды с основой из метала. Очень востребованы в садиках и школах для размещения рисунков детского творчества.</p><p class=\"ql-indent-1 ql-align-justify\"><br></p><p class=\"ql-indent-1 ql-align-justify\">— пробковые стенды, листочки бумаги на которых держатся канцелярскими кнопками. Сфера применения – офисы, обучающие центры.</p><p class=\"ql-indent-1 ql-align-justify\"><br></p><p class=\"ql-indent-1 ql-align-justify\">— стенды для письма мелом. Сфера применения – кафе/бары быстрого питания.</p><p class=\"ql-align-justify\"><br></p><p class=\"ql-align-justify\">• Сложные информационные стенды:</p><p class=\"ql-align-justify\"><br></p><p class=\"ql-indent-1 ql-align-justify\">— стенды фигурные, сложной формы,</p><p class=\"ql-indent-1 ql-align-justify\"><br></p><p class=\"ql-indent-1 ql-align-justify\">— шторная система стендов,</p><p class=\"ql-indent-1 ql-align-justify\"><br></p><p class=\"ql-indent-1 ql-align-justify\">— световые стенды,</p><p class=\"ql-indent-1 ql-align-justify\"><br></p><p class=\"ql-indent-1 ql-align-justify\">— стенды с объемными элементами, например логотипом из оргстекла,</p><p class=\"ql-indent-1 ql-align-justify\"><br></p><p class=\"ql-indent-1 ql-align-justify\">— стенды с наборной информацией,</p><p class=\"ql-indent-1 ql-align-justify\"><br></p><p class=\"ql-indent-1 ql-align-justify\">— мобильные стенды, например, Roll up (ролл ап), X-баннер.</p><p class=\"ql-align-justify\">Roll up стенд состоит из легкого каркаса и полотна (баннера), может использоваться как на улице, так и в помещениях. Эргономичны и долговечны, баннер, по необходимости, можно заменить.</p><p class=\"ql-align-justify\">Сфера применения – мероприятия, акции, в магазинах или в торговых центрах. Достаточно купить X-баннер один раз, и в дальнейшем всего лишь менять полотно.</p><p class=\"ql-align-justify\"><br></p><p class=\"ql-align-justify\"><strong>Варианты размещения стендов:</strong></p><p class=\"ql-align-justify\"><br></p><p class=\"ql-align-justify\">• Настенные стенды;</p><p class=\"ql-align-justify\"><br></p><p class=\"ql-align-justify\">• Напольные стенды;</p><p class=\"ql-align-justify\"><br></p><p class=\"ql-align-justify\">• Подвесные стенды;</p><p class=\"ql-align-justify\">Стенды подвешены на канальных направляющих друг за другом, а необходимый в данный момент стенд выдвигается из набора. Сфера применения – обучающие классы по охране труда, в автошколах.</p><p class=\"ql-align-justify\"><br></p><p class=\"ql-align-justify\">• Уличные стенды;</p><p class=\"ql-align-justify\">Для изготовления уличных стендов используются специальные материалы, обеспечивающие защиту от дождя, солнца или сильного мороза. Такие стенды имеют жесткую металлическую конструкцию и свои особенности монтажа в грунт.</p><p class=\"ql-align-justify\"><br></p><p class=\"ql-align-justify\"><br></p><p class=\"ql-align-justify\"><strong>Компания Тон-Сервис предлагает свои услуги по изготовлению информационных стендов в Вашей корпоративной стилистике. Заказав изготовление информационных стендов в Тон-Сервис, вы сделаете правильный выбор! Наши проекты выделяются отличным качеством и индивидуальным дизайном.</strong></p><p class=\"ql-align-justify\"><strong> </strong>Тел. <span style=\"color: rgb(51, 51, 51);\">8(0152) 68-03-90, 8(033) 361-00-11, 8(029) 78-000-23.</span></p>'),(42,21,'Оформление школ, садиков, вузов',NULL,NULL,NULL,_binary '\0',5,'<h5 class=\"ql-align-center\"><span style=\"color: rgb(51, 51, 51);\">ОФОРМЛЕНИЯ УЧРЕЖДЕНИЙ ОБРАЗОВАНИЯ.&nbsp;ПОПУЛЯРНЫЕ НАПРАВЛЕНИЯ&nbsp;</span></h5><p class=\"ql-align-center\"><br></p><p class=\"ql-align-justify\"><strong style=\"color: rgb(51, 51, 51);\">1. Информационные стенды:</strong></p><p class=\"ql-align-justify\"><br></p><p class=\"ql-align-justify\"><span style=\"color: rgb(51, 51, 51);\">• Стандартные</span></p><p class=\"ql-indent-1 ql-align-justify\"><span style=\"color: rgb(51, 51, 51);\">В типовом варианте основой выступает ПВХ 3 мм-1см, с покрытием пленкой или без, с карманами из прозрачного ПВХ. Например, стенд на шесть карманов А4, размером 80х90 см. Возможны стенды с полноцветной фотопечатью и защитной ламинацией, с объемными карманами, с основой из металлокомпозита и оргстекла, с системой карманов (так называемая «вертушка карманов»).</span></p><p class=\"ql-align-justify\"><br></p><p class=\"ql-align-justify\"><span style=\"color: rgb(51, 51, 51);\">• Специализированные стенды:</span></p><p class=\"ql-indent-1 ql-align-justify\"><span style=\"color: rgb(51, 51, 51);\">- магнитные стенды с основой из метала, которые очень востребованы в садиках и школах для размещения рисунков детского творчества;</span></p><p class=\"ql-indent-1 ql-align-justify\"><span style=\"color: rgb(51, 51, 51);\">- пробковые стенды, листочки бумаги на которых держатся канцелярскими кнопками;</span></p><p class=\"ql-indent-1 ql-align-justify\"><span style=\"color: rgb(51, 51, 51);\">- стенды для письма мелом;</span></p><p class=\"ql-indent-1 ql-align-justify\"><span style=\"color: rgb(51, 51, 51);\">- доски почёта – действенный способ мотивации сотрудников, и своеобразный знак качества, демонстрирующий партнерам и ученикам высокий уровень работы организации;</span></p><p class=\"ql-indent-1 ql-align-justify\"><span style=\"color: rgb(51, 51, 51);\">- для размещения дипломов и сертификатов;</span></p><p class=\"ql-indent-1 ql-align-justify\"><span style=\"color: rgb(51, 51, 51);\">- тематические стенды для музеев ВОВ, музея минералов, «школа вчера и сегодня» и пр.</span></p><p class=\"ql-align-justify\"><br></p><p class=\"ql-align-justify\"><span style=\"color: rgb(51, 51, 51);\">• Сложные информационные стенды:</span></p><p class=\"ql-indent-1 ql-align-justify\"><span style=\"color: rgb(51, 51, 51);\">- стенды фигурные, сложной формы, с объемными элементами,</span></p><p class=\"ql-indent-1 ql-align-justify\"><span style=\"color: rgb(51, 51, 51);\">- шторная система стендов, подвешенных на канальных направляющих друг за другом, когда необходимый в данный момент стенд выдвигается из набора,</span></p><p class=\"ql-indent-1 ql-align-justify\"><span style=\"color: rgb(51, 51, 51);\">- световые стенды,</span></p><p class=\"ql-indent-1 ql-align-justify\"><span style=\"color: rgb(51, 51, 51);\">- стенды с наборной информацией,</span></p><p class=\"ql-indent-1 ql-align-justify\"><span style=\"color: rgb(51, 51, 51);\">- мобильные стенды, например, Roll up (ролл ап), X-баннер.</span></p><p class=\"ql-indent-1 ql-align-justify\"><span style=\"color: rgb(51, 51, 51);\">Roll up стенд состоит из легкого каркаса и полотна (баннера), может использоваться как на улице, так и в помещениях. Достаточно купить X-баннер один раз, и в дальнейшем всего лишь менять полотно.</span></p><p class=\"ql-align-justify\"><br></p><p class=\"ql-align-justify\"><strong style=\"color: rgb(51, 51, 51);\">2. Обучающие материалы.</strong></p><p class=\"ql-align-justify\"><br></p><p class=\"ql-align-justify\"><span style=\"color: rgb(51, 51, 51);\">&nbsp;Мы очень щепетильно подходим к созданию обучающих материалов, работаем в непосредственном контакте со специалистами образовательного учреждения. Нам важно создавать материалы отвечающие методике образования и облегчающие её освоение.</span></p><p class=\"ql-align-justify\"><br></p><p class=\"ql-align-justify\"><strong style=\"color: rgb(51, 51, 51);\">3. Навигация в образовательном учреждении:</strong></p><p class=\"ql-align-justify\"><br></p><p class=\"ql-align-justify\"><span style=\"color: rgb(51, 51, 51);\">• создает комфортное пространство,</span></p><p class=\"ql-align-justify\"><span style=\"color: rgb(51, 51, 51);\">• помогает быстрее сориентироваться на этажах и в коридорах, найти нужный учебный кабинет или другое помещение,</span></p><p class=\"ql-align-justify\"><span style=\"color: rgb(51, 51, 51);\">• играет роль декоративного оформления.</span></p><p class=\"ql-align-justify\"><br></p><p class=\"ql-align-justify\"><strong style=\"color: rgb(51, 51, 51);\">4. Комплексные проекты графического оформления.</strong></p><p class=\"ql-align-justify\"><br></p><p><strong>Внешние элементы оформления:</strong></p><p><br></p><p>• фасадные вывески, информирующие о наименовании учреждения образования, создают о нем первое впечатление;</p><p>• учрежденческие доски;</p><p>• названия улиц;</p><p>• схемы движения автотранспорта по территории учебного заведения;</p><p>• номера учебных корпусов;</p><p>• таблички запрещающие и информирующие;</p><p>• уличные стенды,</p><p>• фотозоны.</p><p><br></p><p><strong>Внутренние элементы оформления:</strong></p><p><br></p><p>• комплексное оформление холла при входе в учебное учреждение;</p><p>• указатели расположения учебных классов, спортивного и актового зала, библиотеки, столовой, бассейна, музея;</p><p>• кабинетные таблички;</p><p>• номерки для гардероба и наклейки на шкафчики;</p><p>• трибуны для выступлений;</p><p>• пьедесталы для награждения победителя;</p><p>• уголок символики;</p><p>• стенды.</p><p><br></p><p class=\"ql-align-justify\"><span style=\"color: rgb(51, 51, 51);\">&nbsp;Заказав оформление школ, садиков, вузов в Тон-Сервис, вы сделаете правильный выбор! Наши проекты выделяются отличным качеством и индивидуальным дизайном.</span></p><p class=\"ql-align-justify\"><span style=\"color: rgb(51, 51, 51);\">&nbsp;Звоните! </span>Тел. <span style=\"color: rgb(51, 51, 51);\">8(0152) 68-03-90, 8(033) 361-00-11, 8(029) 78-000-23, СОДО «Тон-сервис», г. Гродно, ул. Октябрьская, 4.</span></p><p class=\"ql-align-justify\"><span style=\"color: rgb(255, 255, 255);\">.</span></p><p class=\"ql-align-justify\"><br></p>'),(43,21,'Музеи',NULL,NULL,NULL,_binary '\0',6,NULL),(44,22,'Баннеры',NULL,NULL,NULL,_binary '\0',1,'<p class=\"ql-align-justify\"><strong style=\"color: rgb(51, 51, 51);\">Широкоформатная печать</strong><span style=\"color: rgb(51, 51, 51);\">&nbsp;– это нанесение изображения на самоклеящуюся пленку, баннер, бумагу или ткань. Печать на любом из этих носителей&nbsp;является очень востребованным самостоятельным видом рекламы, так и частью технологического процесса создания других рекламных конструкций.</span></p><p class=\"ql-align-justify\"><br></p><p class=\"ql-align-justify\"><strong style=\"color: rgb(51, 51, 51);\"><em>Области наружного применения печати:</em></strong></p><p class=\"ql-align-justify\"><br></p><p class=\"ql-align-justify\"><span style=\"color: rgb(51, 51, 51);\">• Уличные рекламные баннеры;</span></p><p class=\"ql-align-justify\"><span style=\"color: rgb(51, 51, 51);\">• Перетяжки над дорогой;</span></p><p class=\"ql-align-justify\"><span style=\"color: rgb(51, 51, 51);\">• Красивые остановки общественного транспорта;</span></p><p class=\"ql-align-justify\"><span style=\"color: rgb(51, 51, 51);\">• Баннерные сетки для сокрытия реконструируемых фасадов зданий;</span></p><p class=\"ql-align-justify\"><span style=\"color: rgb(51, 51, 51);\">• Красивые витрины магазинов, оклеенные перфорированной плёнкой. Витражи;</span></p><p class=\"ql-align-justify\"><span style=\"color: rgb(51, 51, 51);\">• Оклейка транспорта, автотентов;</span></p><p class=\"ql-align-justify\"><span style=\"color: rgb(51, 51, 51);\">• Наклейки (акционные, декоративные, праздничные, спортивные, технические, детские и пр.);</span></p><p class=\"ql-align-justify\"><span style=\"color: rgb(51, 51, 51);\">• Печать флагов.</span></p><p class=\"ql-align-justify\"><span style=\"color: rgb(51, 51, 51);\">• Щиты (биллборды), ситиборды.</span></p><p class=\"ql-align-justify\"><br></p><p class=\"ql-align-justify\"><strong style=\"color: rgb(128, 128, 128);\">Билборды – это рекламные щиты:</strong></p><p class=\"ql-align-justify\"><span style=\"color: rgb(128, 128, 128);\">• Со стандартным форматом 3х6 м;</span></p><p class=\"ql-align-justify\"><span style=\"color: rgb(128, 128, 128);\">• Ситиборды – компактные конструкции 3,7 х 2,7 м. Могут оснащаться скроллерным механизмом, позволяющим смену нескольких изображений;</span></p><p class=\"ql-align-justify\"><span style=\"color: rgb(128, 128, 128);\">• Суперсайты – мульти-широкоформатные носители, размером 5х12 м, статичные и динамичные:</span></p><p class=\"ql-align-justify\"><span style=\"color: rgb(128, 128, 128);\">- Юнипол – динамичная конструкция суперсайта, имеющая три рекламные поверхности на высокой опоре,</span></p><p class=\"ql-align-justify\"><span style=\"color: rgb(128, 128, 128);\">- Призматрон – динамичный суперсайт, оснащенный системой призмавижн, состоящей из трехгранных призм (полос); На каждую грань крепится часть изображения. На экран выводятся последовательно три картинки;</span></p><p class=\"ql-align-justify\"><span style=\"color: rgb(128, 128, 128);\">• Диджитал-конструкции (Digital Billboards) – цифровые билборды, где в качестве рекламного поля используются светодиодные (LED) панели. Может быть и digital сити-формат;</span></p><p class=\"ql-align-justify\"><span style=\"color: rgb(128, 128, 128);\">• Сити-формат – более компактные формы, к которым относят: пилон, ситилайт, пилларс.</span></p><p class=\"ql-align-justify\"><span style=\"color: rgb(128, 128, 128);\">- Ситилайт – это отдельно стоящий световой короб, как правило, двусторонний и выполненный в формате 1,2х1,8 м.</span></p><p class=\"ql-align-justify\"><span style=\"color: rgb(128, 128, 128);\">- Пилларс (pillar колонна, столб) – это отдельно стоящая конструкция с двумя или тремя рекламными полями, размером каждого1,4х2,8 м, как правило, имеющая внутреннюю подсветку.</span></p><p class=\"ql-align-justify\"><span style=\"color: rgb(128, 128, 128);\">Конструкция, выдержанная в размере сити-формата, но с движущимися внутри постерами, называется скроллер.</span></p><p class=\"ql-align-justify\"><br></p><p class=\"ql-align-justify\"><strong style=\"color: rgb(51, 51, 51);\"><em>Области применения широкоформатной печати внутри помещений:</em></strong></p><p class=\"ql-align-justify\"><br></p><p class=\"ql-align-justify\"><span style=\"color: rgb(51, 51, 51);\">• Плакаты (постеры), воблеры, мобайлы (подвесные плакаты);</span></p><p class=\"ql-align-justify\"><span style=\"color: rgb(51, 51, 51);\">• Печать на холсте, панно;</span></p><p class=\"ql-align-justify\"><span style=\"color: rgb(51, 51, 51);\">Печать репродукций картин известных мастеров живописи – отличная возможность увидеть знаменитые полотна на стенах своей квартиры.</span></p><p class=\"ql-align-justify\"><span style=\"color: rgb(51, 51, 51);\">• Фотозоны и декорации;</span></p><p class=\"ql-align-justify\"><span style=\"color: rgb(51, 51, 51);\">• Фотообои и скинали в интерьере помещений.</span></p><p class=\"ql-align-justify\"><br></p><p class=\"ql-align-justify\"><strong style=\"color: rgb(51, 51, 51);\">Широкоформатная печать в Тон-сервис:</strong></p><p class=\"ql-align-justify\"><br></p><p class=\"ql-align-justify\"><span style=\"color: rgb(51, 51, 51);\">• отличается фотокачеством с максимально качественной передачей цвета,</span></p><p class=\"ql-align-justify\"><span style=\"color: rgb(51, 51, 51);\">• может быть подготовлена нашими дизайнерами или изготовлена по макетам заказчика,</span></p><p class=\"ql-align-justify\"><span style=\"color: rgb(51, 51, 51);\">• выполняется в кратчайшие сроки.</span></p><p><br></p><p><strong style=\"color: rgb(51, 51, 51);\">Печать может быть дополнена услугой:</strong></p><p><br></p><p class=\"ql-indent-1\"><span style=\"color: rgb(51, 51, 51);\">• ламинации пленки,</span></p><p class=\"ql-indent-1\"><span style=\"color: rgb(51, 51, 51);\">• оптической резки по контуру печати на пленке ,</span></p><p class=\"ql-indent-1\"><span style=\"color: rgb(51, 51, 51);\">• использования смолы для создания объёмных наклеек,</span></p><p class=\"ql-indent-1\"><span style=\"color: rgb(51, 51, 51);\">• установкой крепежных люверсов в баннере,</span></p><p class=\"ql-indent-1\"><span style=\"color: rgb(51, 51, 51);\">• усиления края баннера (подгибка),</span></p><p class=\"ql-indent-1\"><span style=\"color: rgb(51, 51, 51);\">• склеивания баннера.</span></p><p class=\"ql-indent-1\"><br></p><p class=\"ql-indent-1\"><br></p><p class=\"ql-align-justify\"><span style=\"color: rgb(51, 51, 51);\">&nbsp;Присылайте любые заказы на расчет по электронной почте innagrodno@mail.ru или на тел./вайбер (033) 361-00-11. Наш менеджер оперативно рассчитает Ваш заказ по лучшим ценам. Если у вас есть вопросы о выборе материала для печати, мы поможем подобрать наиболее подходящее для Вашей задачи решение. Эскиз Вы можете&nbsp;подготовить сами или предоставить его разработку нашим дизайнерам.</span></p><p class=\"ql-align-justify\"><br></p><p class=\"ql-align-justify\"><span style=\"color: rgb(51, 51, 51);\">&nbsp;Заказав широкоформатную печать в Гродно в «Тон-сервис», ул. Октябрьская,4, тел. 8(0152) 68-03-90, 8(033) 361-00-11, 8(029) 78-000-23, Вы получите качественную яркую фотопечать, стойкую к выгоранию, пригодную как для использования внутри помещения, так и&nbsp;снаружи, сохраняющую свои свойства долгие годы.</span></p>'),(45,22,'Наклейки',NULL,NULL,NULL,_binary '\0',2,'null'),(46,22,'Плакаты',NULL,NULL,NULL,_binary '\0',3,NULL),(47,22,'Фотообои',NULL,NULL,NULL,_binary '\0',4,'<p class=\"ql-align-justify\"><strong> </strong>Поверхности стен в любом помещении занимают очень большие площади и сразу притягивают взгляд. Естественно, их отделка играет в создании интерьеров решающую роль. Но что делать, если представленный на рынке стандартный ассортимент обойных покрытий массового производства не удовлетворяет Вашим запросам?</p><p class=\"ql-align-justify\"><br></p><p class=\"ql-align-justify\"><strong> Фотообои</strong> — это решение в сфере дизайна интерьеров, которое помогает совместить привычную экологичность обоев, их рельефную текстуру с желаемым для Вас изображением. Картинки из интернета или Вашего фотоаппарата, а так же высококачественные изображения из нашей базы клипартов — все это мы сможем перенести на стену Вашего офиса или квартиры.</p><p class=\"ql-align-justify\"><br></p><p class=\"ql-align-justify\">&nbsp;Создание эксклюзивного дизайна интерьера помогает нам эффективно самовыражаться. Поэтому неудивительно, что люди хотят привнести частичку индивидуальности даже в офисные помещения. Дизайнерские фотообои помогают не только выделиться, но и создать собственное, комфортное пространство.&nbsp;</p><p class=\"ql-align-justify\"><br></p><p class=\"ql-align-justify\">&nbsp;Толково подобранный рисунок фотообоев способен сделать помещение больше или меньше, шире или уже,&nbsp;просторнее или уютнее, более официальным или располагающим к доверительным отношениям. Кстати, фотообои – это весьма интересный и практичный способ рекламного воздействия на покупателя.</p><p class=\"ql-align-justify\"><br></p><p class=\"ql-align-justify\">&nbsp;В поиске оригинальных решений мы пытаемся создавать принципиально новый продукт, используя для печати фотообоев полотна сложных фактур, имитирующих штукатурку, метал, дополняя их «живыми панно» из мерцающих зеркальных пайеток.&nbsp;</p><p class=\"ql-align-justify\"><br></p><p class=\"ql-align-justify\"><strong>&nbsp;Грамотно подобранные фотообои способны стать знаковым элементом Вашей рекламы!</strong></p><p class=\"ql-align-justify\"><br></p><p class=\"ql-align-justify\">Заказать фотообои в Гродно Вы можете в «Тон-сервис», ул. Октябрьская, 4. Телефоны: <span style=\"color: rgb(51, 51, 51);\">8(0152) 68-03-90, 8(033) 361-00-11, 8(029) 78-000-23.</span></p>'),(48,22,'Печать на ткани',NULL,NULL,NULL,_binary '\0',5,NULL),(49,23,'Реклама на автомобиле',NULL,NULL,NULL,_binary '\0',1,'<p class=\"ql-align-justify\">Оклейку автомобилей, мотоциклов, скутеров, спецтранспорта, такси и других транспортных средств в Гродно Вы можете заказать в «Тон-сервис» по адресу ул. Октябрьская, 4.&nbsp;Телефоны: Тел. <span style=\"color: rgb(51, 51, 51);\">8(0152) 68-03-90, 8(033) 361-00-11, 8(029) 78-000-23</span>, 8(029)780-34-86.</p><p class=\"ql-align-justify\"><br></p><p class=\"ql-align-justify\">&nbsp;Реклама на транспорте — это очень эффективный способ привлечения потенциальных клиентов, ведь борта транспортного средства — это огромная рекламная площадь, находящаяся целый день в движении и видимая в разное время в разных местах. Реклама на транспорте не несет никаких затрат (оплат)&nbsp;в сравнении с билбордами и ситибордами.</p><p class=\"ql-align-justify\"><br></p><p class=\"ql-align-justify\">&nbsp;Предприятие «Тон-сервис» 20 лет успешно занимается производством наружной рекламы, в том числе оклейкой транспорта. Мы осуществляем полный цикл услуг от согласования дизайна с заказчиком&nbsp;и получения разрешения на размещение рекламы на транспортном средстве, до нанесения её на автомобиль и т.д. Наши квалифицированные мастера, успешно перенесут задуманный дизайн на кузов Вашего автомобиля, работая в просторном и теплом помещении по адресу Озерское шоссе,12. Мы знаем и умеем всё, чтобы сделать Ваш автомобиль узнаваемым и неповторимым. Оклейка специализированных видов транспорта, таких, как машины скорой медицинской помощи, МЧС, МВД и др. имеет регламентированные требования, которые мы поможем соблюсти. Реклама на авто будет максимально эффективно работать на процветание&nbsp;Вашего бизнеса и приносить прибыль.</p><p class=\"ql-align-justify\"><br></p><p class=\"ql-align-justify\">&nbsp;Нанести рекламу на автомобиль, мотоцикл, машину такси или&nbsp;спецтранспорт можно&nbsp;в Гродно на предприятии «Тон-сервис», ул. Октябрьская,4, тел. Тел. <span style=\"color: rgb(51, 51, 51);\">8(0152) 68-03-90, 8(033) 361-00-11, 8(029) 78-000-23</span>, 8(029)780-34-86........... Или где-нибудь ещё.&nbsp;«:)»</p><p class=\"ql-align-justify\"><br></p><p class=\"ql-align-justify\"><br></p><p class=\"ql-align-justify\"><br></p><p class=\"ql-align-justify\"><br></p><p class=\"ql-align-justify\"><br></p>'),(50,23,'Оклейка такси',NULL,NULL,NULL,_binary '\0',2,NULL),(51,23,'Оклейка спецтранспорта (МВД, МЧС)',NULL,NULL,NULL,_binary '\0',3,NULL),(52,23,'Наклейки на мотоциклы, квадроциклы, скутеры',NULL,NULL,NULL,_binary '\0',4,NULL),(54,24,'Паспортизация рекламы',NULL,NULL,NULL,_binary '',0,'<p class=\"ql-align-justify\">Закон Республики Беларусь о рекламе, от 10 мая 2007 г. № 225-З регулирует размещение рекламных конструкций в Беларуси.</p><p class=\"ql-align-justify\"><br></p><p class=\"ql-align-justify\">Благодаря опыту практической реализации закона о рекламе, мы разработаем для Вас вывеску, которая соответствует требованиям действующего законодательства по размещению наружной рекламы и оценим саму необходимость паспортизации. Наша цель — правильно разработать концепцию наружной рекламы и закрыть вопросы согласования. Вывески, не содержащие информацию рекламного характера, не являются рекламой и не требуют специального разрешения (паспорта рекламы).</p><p class=\"ql-align-justify\"><br></p><p class=\"ql-align-justify\">Знание тонкостей рекламного производства и аспектов законодательства в области рекламы, позволяет нам привести вывеску в соответствие с требованиями и подготовить необходимый список документов. Он традиционно включает:</p><p class=\"ql-align-justify\"><br></p><p class=\"ql-indent-1 ql-align-justify\">— эскизы средства наружной рекламы;</p><p class=\"ql-indent-1 ql-align-justify\">— согласие собственника на размещение наружной рекламы;</p><p class=\"ql-indent-1 ql-align-justify\">— копию Свидетельства о государственной регистрации;</p><p class=\"ql-indent-1 ql-align-justify\">— копию Лицензии;</p><p class=\"ql-indent-1 ql-align-justify\">— свидетельство на интеллектуальную собственность при использовании товарного знака или копию документа о заявке на регистрацию товарного знака. Разрешение от владельца на использование товарного знака;</p><p class=\"ql-indent-1 ql-align-justify\">— фотографии места размещения средства наружной рекламы;</p><p class=\"ql-indent-1 ql-align-justify\">— копию документа, подтверждающего внесение платы за оформление паспорта средства наружной рекламы.</p><p class=\"ql-indent-1 ql-align-justify\"><br></p><p class=\"ql-align-justify\">&nbsp;Мы понимаем, насколько важно для коммерческой недвижимости качественное рекламное оформление, поэтому максимально ответственно и творчески относимся к разработке дизайн проектов. Мы поможем реализовать различные художественные идеи даже в сложных условиях архитектурной среды, таких как исторический центр города.</p><p class=\"ql-align-justify\"><br></p><p class=\"ql-align-justify\">&nbsp;Актуальным для Торговых центров является комплексная разработка дизайн концепции внешнего оформления. В случаях, когда концепция уже разработана, вывеска должна полностью ей соответствовать. Мы подберем оптимальный вариант рекламного оформления как всего Торгового комплекса, так и дизайн отдельных рекламных конструкций, чтобы привлечь максимальное число потенциальных покупателей. Доверив эти задачи нашим специалистам, Вы сэкономите драгоценное время и нервы.&nbsp;Ну и конечно же осуществим производство и монтаж качественной наружной рекламы по привлекательным ценам!</p><p class=\"ql-align-justify\"><br></p><p class=\"ql-align-justify\">&nbsp;Более точную информацию по регистрации рекламной вывески, Вы можете получить, обратившись к менеджерам «Тон-Сервис» по телефонам <span style=\"color: rgb(51, 51, 51);\">8(0152) 68-03-90 или 8(033) 361-00-11, 8(029) 78-000-23</span>, а так же по электронной почте innagrodno@mail.ru.</p>'),(55,25,'Стеновые панели из стекла',NULL,NULL,NULL,_binary '',0,'<p class=\"ql-align-justify\"><strong style=\"color: rgb(51, 51, 51);\"> Скинали</strong><span style=\"color: rgb(51, 51, 51);\"> — стеклянная панель, с обратной стороны которой наносится декоративное изображение. Оно не выгорает от солнечных лучей, радует взгляд и сохраняет свой насыщенный первоначальный цвет.</span></p><p class=\"ql-align-justify\"><br></p><p class=\"ql-align-center\"><strong style=\"color: rgb(51, 51, 51);\">СКИНАЛИ, СТЕНОВЫЕ ПАНЕЛИ ИЗ СТЕКЛА</strong></p><p class=\"ql-align-justify\"><br></p><p class=\"ql-align-justify\"><strong style=\"color: rgb(51, 51, 51);\">Области применения скинали:</strong></p><p class=\"ql-align-justify\"><br></p><p class=\"ql-align-justify\"><span style=\"color: rgb(51, 51, 51);\">• Стеновые панели:</span></p><p class=\"ql-align-justify\"><br></p><p class=\"ql-align-justify\"><span style=\"color: rgb(51, 51, 51);\">- в качестве «кухонного фартука», заменяя обычную панель из керамической плитки и МДФ. Стеновые панели из стекла защищают самую уязвимую часть кухни – стену между верхними навесными шкафами и столешницей.</span></p><p class=\"ql-align-justify\"><br></p><p class=\"ql-align-justify\"><span style=\"color: rgb(51, 51, 51);\">- при оформлении задней стенки витрин магазинов или баров.</span></p><p class=\"ql-align-justify\"><span style=\"color: rgb(51, 51, 51);\">Скинали быстро монтируется. Заранее в панели просверливаются отверстия под розетки и под крепеж, сверху они закрываются декоративными колпачками.</span></p><p class=\"ql-align-justify\"><br></p><p class=\"ql-align-justify\"><span style=\"color: rgb(51, 51, 51);\">• Для шкафов-купе и мебельных фасадов:</span></p><p class=\"ql-align-justify\"><br></p><p class=\"ql-align-justify\"><span style=\"color: rgb(51, 51, 51);\">- для инкрустации мебели делают прозрачные или непросвечивающиеся вставки, накладки.</span></p><p class=\"ql-align-justify\"><span style=\"color: rgb(51, 51, 51);\">- в качестве столешниц в разных стилях интерьера: модерн, баухауз, лофт, фьюжн…</span></p><p class=\"ql-align-justify\"><br></p><p class=\"ql-align-justify\"><span style=\"color: rgb(51, 51, 51);\">• В интерьере:</span></p><p class=\"ql-align-justify\"><br></p><p class=\"ql-align-justify\"><span style=\"color: rgb(51, 51, 51);\">- в роли картины, эксклюзивного панно или полиптих (несколько изображений, продолжающих одну тему).</span></p><p class=\"ql-align-justify\"><span style=\"color: rgb(51, 51, 51);\">- для декора потолков, лестниц, межкомнатных и душевых перегородок.</span></p><p class=\"ql-align-justify\"><span style=\"color: rgb(51, 51, 51);\">- в комбинации со светильниками, светодиодами, добиваясь уникальных световых решений.</span></p><p class=\"ql-align-justify\"><br></p><p class=\"ql-align-justify\"><span style=\"color: rgb(51, 51, 51);\"> Процесс ухода за скинали не составляет труда. Благодаря тому, что она выполнена из прочного стекла и имеет гладкую поверхность, без швов (в отличие от кафельной плитки), её легко очистить, используя моющие средства, которые обычно применяются для ухода за стеклом.</span></p><p class=\"ql-align-justify\"><br></p><p class=\"ql-align-justify\"><span style=\"color: rgb(51, 51, 51);\"> Красивую скинали в Гродно Вы можете заказать в СОДО «Тон-сервис», по адресу ул. Октябрьская, 4. </span>Тел. <span style=\"color: rgb(51, 51, 51);\">8(0152) 68-03-90, 8(033) 361-00-11, 8(029) 78-000-23.</span></p>'),(57,27,'Антикоррозийная обработка Dinitrol, Mercasol, Noxudol',NULL,NULL,NULL,_binary '',0,'<p class=\"ql-align-justify\"><span style=\"color: rgb(51, 51, 51);\"> Хотите, чтобы Ваш автомобиль сохранил достойный внешний вид и отличное техническое состояние, то Вам к нам. Наше предприятие «Тон-Сервис» 20 лет занимается антикоррозийной обработкой в Гродно и мы умеем это делать быстро и качественно.</span></p><p class=\"ql-align-justify\"><span style=\"color: rgb(51, 51, 51);\">&nbsp;Если у Вас новый автомобиль, то Вам надо обязательно сделать антикоррозийную обработку в «Тон-Сервис». Ведь современные автомобили совсем не обрабатываются: у них очень тонкий слой металла, и сгнивают они за пару лет. Мы сделаем так, чтобы Ваше авто служило долго и лакокрасочное покрытие всегда радовало Ваш глаз.</span></p><p class=\"ql-align-justify\"><span style=\"color: rgb(51, 51, 51);\">&nbsp;Если у Вас авто с пробегом, надо обязательно сделать антикоррозийную обработку в «Тон-Сервис», так как годы эксплуатации дают о себе знать. Мы проверим Ваш автомобиль и посоветуем Вам, что нужно сделать, как и когда это лучше делать. Предложим Вам полную, или частичную антикоррозийную обработку, или, если автомобиль уже обработан и в нем нет никаких проблем, пожелаем Вам счастливого пути.</span></p><p class=\"ql-align-justify\"><span style=\"color: rgb(51, 51, 51);\">&nbsp;Полная антикоррозийная обработка в «Тон-Сервис» это:</span></p><ol><li class=\"ql-align-justify\"><span style=\"color: rgb(51, 51, 51);\">Подготовительные работы.</span></li><li class=\"ql-align-justify\"><span style=\"color: rgb(51, 51, 51);\">Обработка днища.</span></li><li class=\"ql-align-justify\"><span style=\"color: rgb(51, 51, 51);\">Моторного отсека.</span></li><li class=\"ql-align-justify\"><span style=\"color: rgb(51, 51, 51);\">Багажного отделения.</span></li><li class=\"ql-align-justify\"><span style=\"color: rgb(51, 51, 51);\">Обработка дверей.</span></li><li class=\"ql-align-justify\"><span style=\"color: rgb(51, 51, 51);\">Стоек.</span></li><li class=\"ql-align-justify\"><span style=\"color: rgb(51, 51, 51);\">Порогов.</span></li><li class=\"ql-align-justify\"><span style=\"color: rgb(51, 51, 51);\">Колесных арок.</span></li></ol><p class=\"ql-align-justify\"><span style=\"color: rgb(51, 51, 51);\">&nbsp;Также Вы можете заказать частичную обработку, выбрав один из выше перечисленных пунктов. На все наши работы Вы получаете гарантию в зависимости от состояния вашего автомобиля, а также постгарантийное обслуживание, и бесплатный осмотр, устранение негативных последствий технической эксплуатации Вашего авто после осенне-зимнего сезона.</span></p><p class=\"ql-align-justify\"><br></p><p class=\"ql-align-justify\"><span style=\"color: rgb(51, 51, 51);\">&nbsp;Если Вы любите свой автомобиль, то Вам к нам! Если Вы хотите его продать, то тоже к нам!&nbsp;«:)»&nbsp;СОДО «Тон-Сервис», ул. Комарова, 3. Телефоны:&nbsp;8(029)7800023,&nbsp;8(029)780-34-86.</span></p>'),(58,28,'Тонировачные и декоративные пленки',NULL,NULL,NULL,_binary '\0',0,'<p class=\"ql-align-justify\">Защитные пленки для&nbsp;стекол в Гродно Вы можете заказать в СОДО «Тон-сервис», ул. Октябрьская, 4.&nbsp;Контактные телефоны:&nbsp;<span style=\"color: rgb(51, 51, 51);\">8(0152) 68-03-90, 8(033) 361-00-11, 8(029) 78-000-23</span>, 8(029) 780-34-86.</p><p class=\"ql-align-justify\"><span style=\"color: rgb(51, 51, 51);\">&nbsp;Тонировка — это нанесение защитной или декоративной пленки на стекло. Пленка может быть как просто защитной, т.е. прозрачной (класс А1 А2, А3), что требуется для принятия под охрану таких объектов, как магазины, банки, офисы и др., так и тонировочной, которая приглушает свет, имеет разнообразные цветовые оттенки, зеркальность, эффект витража и прекрасно оберегает от солнечного излучения. Тонировочная пленка с рисунком используется в интерьере, украшая стекла дверных проемов и перегородок. Тонировочная пленка легко защищает от посторонних глаз извне помещения, т.е. позволяет добиться эффекта односторонней видимости.</span></p><p class=\"ql-align-justify\"><span style=\"color: rgb(51, 51, 51);\"> Любая пленка обезопасит Вас в случае разбитого стекла, т. к. способна удерживать на себе осколки.</span></p><p class=\"ql-align-justify\"><br></p><p class=\"ql-align-justify\"><span style=\"color: rgb(51, 51, 51);\">Тонировку в Гродно Вы можете заказать в СОДО «Тон-сервис», по адресу ул. Октябрьская, 4. </span>Тел. <span style=\"color: rgb(51, 51, 51);\">8(029) 78-000-23, </span>8(029) 780-34-86.</p>'),(60,NULL,'Дизайн рекламы','Зная, насколько важно для Вас получить полный комплекс услуг, специалисты Тон-сервис помогут оценить необходимость паспортизации рекламы и правильно оформить весь пакет документов на согласование наружной рекламы, в случаях, предусмотренных законодательством РБ','../Examples/Thumbnails/design.jpg',1,_binary '\0',7,NULL),(62,60,'Дизайн рекламы',NULL,NULL,NULL,_binary '',0,'<p class=\"ql-align-justify\">Мы обладаем необходимыми знаниями и навыками для создания качественных дизайнов для конкурентоспособности Ваших товаров и услуг.</p><ul><li class=\"ql-align-justify\">Нам важно разрабатывать дизайн, который соответствует всем требованиям проекта и конкретным творческим потребностям заказчика. Мы стремимся предложить Вам оригинальный, уникальный в концептуальном и исполнительском плане, эстетичный дизайн.</li><li class=\"ql-align-justify\">Представленные клиенту варианты могут содержать разные концепции дизайна. Вам всегда есть из чего выбирать! Выбранный Вами дизайн исключает использование его в макетах других заказчиков.</li><li class=\"ql-align-justify\">Нам нравится разрабатывать оригинальный и неповторимый дизайн, от наружной рекламы до логотипов. Созданный нашими дизайнерами логотип позволяет зарегистрировать его в качестве товарного знака.</li><li class=\"ql-align-justify\">И, конечно, мы имеем возможность профессиональной реализации дизайнерских проектов.</li></ul><p class=\"ql-align-justify\">СОДО \"Тон-сервис\", г. Гродно, тел. <span style=\"color: rgb(51, 51, 51);\">8(0152) 68-03-90, 8(033) 361-00-11, 8(029) 78-000-23.</span></p>'),(64,28,'Защитные пленки А1, А2, А3',NULL,NULL,NULL,_binary '\0',2,'<p class=\"ql-align-justify\"><span style=\"color: rgb(51, 51, 51);\"> </span><strong>Защитные пленки для&nbsp;стекол в Гродно</strong> Вы можете заказать в СОДО «Тон-сервис», ул. Октябрьская, 4.&nbsp;Контактные телефоны:&nbsp;<span style=\"color: rgb(51, 51, 51);\">8(0152) 68-03-90, 8(033) 361-00-11, 8(029) 78-000-23</span>, 8(029) 780-34-86.</p><p class=\"ql-align-justify\"><br></p><p class=\"ql-align-justify\"><span style=\"color: rgb(51, 51, 51);\">&nbsp;</span><strong style=\"color: rgb(51, 51, 51);\">Тонировка</strong><span style=\"color: rgb(51, 51, 51);\"> — это нанесение защитной или декоративной пленки на стекло. </span></p><p class=\"ql-align-justify\"><strong style=\"color: rgb(51, 51, 51);\">Защитные пленки (класс А1, А2, А3)</strong><span style=\"color: rgb(51, 51, 51);\"> наилучшим образом придают стеклу устойчивость к внешним физическим воздействиям, таким, как удары и т.д. Это успешно используется с целью охраны от проникновения и защиты материальных ценностей. Бронирующая пленка А3 может служить хорошей альтернативой решеток.</span></p><p class=\"ql-align-justify\"><br></p><p class=\"ql-align-justify\"><span style=\"color: rgb(51, 51, 51);\">&nbsp;Решающим фактором для обеспечения высокого качества установки пленок является профессиональный подход в процессе подготовки стекла и помещения, раскроя пленки и её нанесения изнутри.</span></p><p class=\"ql-align-justify\"><br></p><p class=\"ql-align-justify\"><span style=\"color: rgb(51, 51, 51);\">&nbsp;Любую тонировку в Гродно Вы можете заказать в СОДО «Тон-сервис», по адресу ул. Октябрьская, 4. Тел. 8(029) 78-000-23</span>, 8(029) 780-34-86.</p>'),(65,20,'Режимы работы',NULL,NULL,NULL,_binary '\0',9,'<p>В рекламной компании «Тон-сервис» Вы получите отличные <strong>идеи оформления табличек с режимом работы</strong>. Вам просто нужно выбрать лучшее. Возможно срочное исполнение заказа.</p><p>г. Гродно, ул. Октябрьская, 4. Тел. <span style=\"color: rgb(51, 51, 51);\">8(0152) 68-03-90, 8(033) 361-00-11, 8(029) 78-000-23.</span></p><p><br></p><p><strong>Таблички \"Режим работы\", по технологии изготовления:</strong></p><p><br></p><p class=\"ql-align-justify\">• таблички из пластика – традиционный бюджетный вариант;</p><p class=\"ql-align-justify\">Пластик покрывают фоновой пленкой. На плоттере вырезают самоклеящуюся пленку с дальнейшей аппликацией изображения на табличку. Либо наносят фотопечать высокого качества с ламинацией. Возможно использование пленки под благородный металл — золото или серебро.</p><p class=\"ql-align-justify\"><br></p><p class=\"ql-align-justify\">• таблички из металлокомпозита с аппликацией пленкой и/или лазерной гравировкой;</p><p class=\"ql-align-justify\">В результате гравировки, например текста, снимается верхний слой материала светлого (золотистого, серебристого) цвета, и текст приобретает черный цвет центрального слоя композита. Можно дополнить табличку плоттерной резкой из пленки и логотипом из оргстекла;</p><p class=\"ql-align-justify\"><br></p><p class=\"ql-align-justify\">• таблички из цветного и прозрачного оргстекла;</p><p class=\"ql-align-justify\">Изделия из акрилового стекла имеют презентабельный внешний вид. Используя оргстекло можно получать объемные изображения. А прозрачное оргстекло с полированными торцами можно красиво подсветить.</p><p class=\"ql-align-justify\"><br></p><p class=\"ql-align-justify\">• таблички на дистанционных держателях;</p><p class=\"ql-align-justify\"><br></p><p class=\"ql-align-justify\">• таблички комбинированные: с объёмными буквами и элементами, с использованием разнообразных материалов, с обрамлением из алюминиевого или пластикового профиля и пр.;</p><p class=\"ql-align-justify\"><br></p><p class=\"ql-align-justify\">• световые таблички;</p><p class=\"ql-align-justify\"><br></p><p class=\"ql-align-justify\">• таблички со сменной информацией;</p><p class=\"ql-align-justify\">Текст размещается за защитным стеклом. Возможна быстрая замена текстовой информации.</p>'),(66,20,'Шильды (административные доски)',NULL,NULL,NULL,_binary '\0',10,NULL);
/*!40000 ALTER TABLE `product_types` ENABLE KEYS */;
UNLOCK TABLES;
/*!40103 SET TIME_ZONE=@OLD_TIME_ZONE */;

/*!40101 SET SQL_MODE=@OLD_SQL_MODE */;
/*!40014 SET FOREIGN_KEY_CHECKS=@OLD_FOREIGN_KEY_CHECKS */;
/*!40014 SET UNIQUE_CHECKS=@OLD_UNIQUE_CHECKS */;
/*!40101 SET CHARACTER_SET_CLIENT=@OLD_CHARACTER_SET_CLIENT */;
/*!40101 SET CHARACTER_SET_RESULTS=@OLD_CHARACTER_SET_RESULTS */;
/*!40101 SET COLLATION_CONNECTION=@OLD_COLLATION_CONNECTION */;
/*!40111 SET SQL_NOTES=@OLD_SQL_NOTES */;

-- Dump completed on 2024-02-18  9:11:29
